Source,Date,Headline,Topic,URL,Full Article Text
CNN,2023-10-07,Netanyahu says Israel is 'at war' after Hamas launches surprise air and ground attack from Gaza,Hamas Attack / Hamas Operations,https://www.cnn.com/2023/10/07/middleeast/sirens-israel-rocket-attack-gaza-intl-hnk/index.html,
CNN,2023-10-08,Hamas captures hostages as Israelis share photos of those missing,Hostages,https://www.cnn.com/2023/10/07/middleeast/hostages-hamas-israel-gaza/index.html,
CNN,2023-10-09,"Desert horror: Music festival goers heard rockets, then Gaza militants fired on them and took hostages",Hamas Attack / Hamas Operations,https://www.cnn.com/2023/10/07/middleeast/israel-gaza-fighting-hamas-attack-music-festival-intl-hnk/index.html,
CNN,2023-10-09,Nowhere to go': Ordinary Palestinians live in fear as Israel retaliates against Hamas,Humanitarian,https://www.cnn.com/2023/10/08/middleeast/palestine-israel-hamas-gaza-conflict-intl/index.html,
CNN,2023-10-09,"Israeli defense minister orders 'complete siege' of Gaza, as Hamas threatens hostages",Israeli Response,https://www.cnn.com/2023/10/09/middleeast/israel-gaza-hamas-fighting-monday-intl-hnk/index.html,
CNN,2023-10-09,"11 US citizens dead in Israel conflict, Biden says",International Response,https://www.cnn.com/2023/10/09/politics/americans-israel-gaza/index.html,
CNN,2023-10-10,Hamas and Iran are longtime allies. Did Tehran help with its attack on Israel?,International Response,https://www.cnn.com/2023/10/09/middleeast/hamas-iran-israel-attack-analysis-intl/index.html,
CNN,2023-10-10,More than 100 bodies found in Israeli kibbutz Be'eri after Hamas attack,Hamas Attack / Hamas Operations,https://www.cnn.com/2023/10/10/middleeast/israel-beeri-bodies-found-idf-intl-hnk/index.html,
CNN,2023-10-10,"Palestinian-Americans stuck in Gaza say they feel trapped, abandoned by US Embassy",Humanitarian,https://www.cnn.com/2023/10/10/us/palestinian-americans-gaza/index.html,
CNN,2023-10-11,Israel bolsters troops at border with Gaza as details of Hamas attacks emerge,Israeli Response,https://www.cnn.com/2023/10/10/middleeast/israel-gaza-siege-hamas-tuesday-intl-hnk/index.html,
CNN,2023-10-11,Biden confirms US citizens are among Hamas hostages in sharp condemnation of attacks on Israel,Hostages,https://www.cnn.com/2023/10/10/politics/joe-biden-benjamin-netanyahu/index.html,
CNN,2023-10-11,We have no water': Gaza faces deeper humanitarian crisis as Israel tightens its hold,Humanitarian,https://www.cnn.com/2023/10/10/middleeast/gaza-complete-siege-israel-intl/index.html,
CNN,2023-10-11,What is Hamas and why is it attacking Israel now?,Hamas Attack / Hamas Operations,https://www.cnn.com/2023/10/09/middleeast/hamas-attack-strategy-israel-mime-intl/index.html,
CNN,2023-10-11,Protests over Israel-Hamas war sweep the globe as nations ramp up security,International Response,https://www.cnn.com/2023/10/11/world/global-protests-israel-hamas-war-intl-cmd/index.html,
CNN,2023-10-11,US and allies warn militant group Hezbollah against escalating Hamas-Israel conflict,International Response,https://www.cnn.com/2023/10/11/politics/us-allies-warn-hezbollah/index.html,
CNN,2023-10-11,"Gaza's sole power station stops working as fuel runs out, after Israel orders 'complete' blockade",Humanitarian,https://www.cnn.com/2023/10/11/middleeast/gaza-power-plant-shuts-down-intl/index.html,
CNN,2023-10-11,UN staffers killed in Gaza as the organization calls for emergency funding,Humanitarian,https://www.cnn.com/2023/10/11/world/un-gaza-funding-deaths-intl/index.html,
CNN,2023-10-11,Israel forms emergency government and steps up Gaza offensive as brutality of Hamas attacks laid bare,Israeli Response,https://www.cnn.com/2023/10/11/middleeast/israel-gaza-hamas-war-wednesday-intl-hnk/index.html,
CNN,2023-10-12,"How does Hamas get its weapons? A mix of improvisation, resourcefulness and a key overseas benefactor",Hamas Attack / Hamas Operations,https://www.cnn.com/2023/10/11/middleeast/hamas-weaponry-gaza-israel-palestine-unrest-intl-hnk-ml/index.html,
CNN,2023-10-12,IDF reservists flock to border with Gaza as Israel prepares for ground invasion,Israeli Response,https://www.cnn.com/2023/10/12/middleeast/israel-ground-invasion-gaza-reservists-intl/index.html,
CNN,2023-10-12,Complete paralysis:' Palestinian medics say disaster awaits Gaza as Israel pounds enclave with airstrikes,Humanitarian,https://www.cnn.com/2023/10/12/middleeast/gaza-international-relief-rafah-crossing-egypt-intl/index.html,
CNN,2023-10-13,Hamas militants trained for its deadly attack in plain sight and less than a mile from Israel's heavily fortified border,Hamas Attack / Hamas Operations,https://www.cnn.com/2023/10/12/middleeast/hamas-training-site-gaza-israel-intl/index.html,
CNN,2023-10-13,"Children found 'butchered' in Israeli kibbutz, IDF says, as horror of Hamas' attacks near border begins to emerge",Hamas Attack / Hamas Operations,https://www.cnn.com/2023/10/10/middleeast/israel-kibbutzim-kfar-aza-beeri-urim-hamas-attack-intl/index.html,
CNN,2023-10-13,Israel tells 1.1 million Gazans to evacuate south. UN says order is 'impossible',Humanitarian,https://www.cnn.com/2023/10/13/middleeast/israel-gaza-hamas-war-friday-intl-hnk/index.html,
CNN,2023-10-14,"Israel warns of new phase in war on Hamas, as Gaza civilians flee and Israeli troops gather near border",Israeli Response,https://www.cnn.com/2023/10/14/middleeast/gaza-israel-evacuation-saturday-intl-hnk/index.html,
CNN,2023-10-15,It's so lonely': Desperate families of Israeli hostages are still in the dark a week on from Hamas rampage,Hostages,https://www.cnn.com/2023/10/15/middleeast/israel-hostages-families-hnk-intl-cmd/index.html,
CNN,2023-10-15,"US sending second carrier strike group, fighter jets to region as Israel prepares to expand Gaza operations",International Response,https://www.cnn.com/2023/10/14/middleeast/us-aircraft-carrier-eisenhower-israel-gaza-intl-hnk-ml/index.html,
CNN,2023-10-17,"Civilian hostages in Hamas custody killed in Be'eri near Gaza border, CNN verified videos show",Hostages,https://www.cnn.com/2023/10/09/middleeast/israel-gaza-hamas-beeri-hostages-killed-intl-hnk/index.html,
CNN,2023-10-18,They followed evacuation orders. An Israeli airstrike killed them the next day.,Humanitarian,https://www.cnn.com/2023/10/16/middleeast/israel-palestinian-evacuation-orders-invs/index.html,
CNN,2023-10-18,US imposes new sanctions on Hamas operatives,International Response,https://www.cnn.com/2023/10/18/politics/treasury-department-hamas/index.html,
CNN,2023-10-18,Gaza hospital explosion sparks anger and protests in Arab countries,International Response,https://www.cnn.com/2023/10/18/middleeast/gaza-hospital-blast-middle-east-protests-intl-hnk/index.html,
CNN,2023-10-18,US assesses that Israel is 'not responsible' for Gaza hospital blast,International Response,https://www.cnn.com/2023/10/18/politics/us-intel-gaza-hospital-blast/index.html,
CNN,2023-10-19,Gaza conflict spills into the West Bank as settler attacks and clashes leave dozens of Palestinians dead,Humanitarian,https://www.cnn.com/2023/10/19/middleeast/west-bank-settler-attacks-israel-cmd-intl/index.html,
CNN,2023-10-19,"Biden touts aid negotiations for Gaza, as US assesses Israel 'not responsible' for hospital blast",International Response,https://www.cnn.com/2023/10/18/middleeast/israel-gaza-hamas-war-wednesday-intl-hnk/index.html,
CNN,2023-10-19,"The devastating Gaza hospital blast is shrouded in uncertainty. Here's what we know, and what we don't",Humanitarian,https://www.cnn.com/2023/10/18/middleeast/gaza-hospital-explosion-israel-wwk-explainer-intl/index.html,
CNN,2023-10-20,"Vital Gaza aid delivery to be delayed, say multiple sources, as Palestinians face worsening conditions",Humanitarian,https://www.cnn.com/2023/10/19/middleeast/israel-gaza-hamas-war-thursday-intl-hnk/index.html,
CNN,2023-10-20,Hamas spokesman among scores detained in occupied West Bank,Israeli Response,https://www.cnn.com/2023/10/19/middleeast/hamas-spokesperson-detained-west-bank-intl/index.html,
CNN,2023-10-20,Democratic divisions over Israel heat up over Gaza hospital blast controversy,International Response,https://www.cnn.com/2023/10/20/politics/democrats-divisions-israel-gaza-hospital-tlaib/index.html,
CNN,2023-10-20,"Gaza conditions worsen amid warnings that shortages could 'kill many, many people'",Humanitarian,https://www.cnn.com/2023/10/20/middleeast/israel-gaza-hamas-war-friday-intl-hnk/index.html,
CNN,2023-10-20,US and allies urge Israel to set out clear goals for Gaza ground invasion,International Response,https://www.cnn.com/2023/10/20/politics/us-allies-israel-discussions-gaza-ground-invasion/index.html,
CNN,2023-10-21,Palestinian aid worker describes 'really dire' conditions for those who have stayed in northern Gaza,Humanitarian,https://www.cnn.com/2023/10/21/middleeast/northern-gaza-humanitarian-situation-dire-intl-hnk/index.html,
CNN,2023-10-21,"The war has forced Israel's Arab citizens to explain that no, they are not Hamas",International Response,https://www.cnn.com/2023/10/21/middleeast/arab-israeli-citizens-cmd-intl/index.html,
CNN,2023-10-21,American mother and daughter taken hostage by Hamas are released as humanitarian crisis in Gaza deepens,Hostages,https://www.cnn.com/2023/10/20/middleeast/hamas-us-hostages-released-intl/index.html,
CNN,2023-10-21,First trucks carrying aid enter Gaza but besieged enclave desperately needs more,Humanitarian,https://www.cnn.com/2023/10/21/middleeast/israel-gaza-war-hostages-saturday-intl-hnk/index.html,
CNN,2023-10-22,US seeks delay of Israeli ground incursion for more time for hostage talks,Hostages,https://www.cnn.com/2023/10/22/politics/us-israel-ground-incursion-delay/index.html,
CNN,2023-10-23,Hamas and Israeli troops clash in Gaza as airstrikes intensify,Israeli Response,https://www.cnn.com/2023/10/22/middleeast/israel-gaza-hamas-war-sunday-intl-hnk/index.html,
CNN,2023-10-23,Hamas releases two more hostages as Israel ramps up Gaza strikes,Hostages,https://www.cnn.com/2023/10/23/middleeast/israel-gaza-hamas-war-monday-intl-hnk/index.html,
CNN,2023-10-23,Names written on children's bodies speak to the fears of Gazan parents amid the Israel-Hamas war,Humanitarian,https://www.cnn.com/2023/10/23/middleeast/gaza-hospitals-doctors-disaster-intl-hnk/index.html,
CNN,2023-10-24,"Gazans forced to drink dirty, salty water as the fuel needed to run water systems runs out",Humanitarian,https://www.cnn.com/2023/10/24/middleeast/gaza-water-war-climate-intl-cmd/index.html,
CNN,2023-10-24,Intensive talks underway to free a larger number of hostages held by Hamas but major obstacles remain,Hostages,https://www.cnn.com/2023/10/24/politics/hostage-negotiations-hamas-israel/index.html,
CNN,2023-10-24,"What is the Rafah crossing, Gazans' last hope to escape the war, and how does it work?",Humanitarian,https://www.cnn.com/2023/10/17/middleeast/rafah-border-crossing-gaza-israel-explained-intl/index.html,
CNN,2023-10-24,The 'Gaza metro': The mysterious subterranean tunnel network used by Hamas,Hamas Attack / Hamas Operations,https://www.cnn.com/2023/10/15/middleeast/hamas-tunnels-gaza-intl/index.html,
CNN,2023-10-24,"Hundreds likely dead in Gaza hospital blast, as Israeli blockade cripples medical response",Humanitarian,https://www.cnn.com/2023/10/17/middleeast/israel-gaza-rafah-crossing-week-2-tuesday-intl-hnk/index.html,
CNN,2023-10-24,US military advisers invoke lessons of Iraq in urging Israelis to avoid all-out ground assault in Gaza,International Response,https://www.cnn.com/2023/10/24/politics/us-military-advisers-iraq-israel-ground-assault-gaza/index.html,
CNN,2023-10-25,I went through hell:' Released Hamas hostage describes being kidnapped and taken into tunnel systemm,Hostages,https://www.cnn.com/2023/10/24/middleeast/israel-hostages-freed-lifshitz-cooper-intl-hnk/index.html,
CNN,2023-10-25,"2,000 children killed in Gaza, aid group says, as tempers flare at UN amid ceasefire calls",Humanitarian,https://www.cnn.com/2023/10/24/middleeast/israel-hamas-gaza-war-tuesday-intl-hnk/index.html,
CNN,2023-10-25,"Hamas operatives used phone lines installed in tunnels under Gaza to plan Israel attack over 2 years, sources familiar with intelligence say",Hamas Attack / Hamas Operations,https://www.cnn.com/2023/10/24/politics/intelligence-hamas-israel-attack-tunnels-phone-lines/index.html,
CNN,2023-10-25,Fears of another Palestinian exodus reverberate across the Middle East,International Response,https://www.cnn.com/2023/10/25/middleeast/arabs-rally-palestinians-gaza-exodus-mime-intl/index.html,
CNN,2023-10-26,Israel-UN spat intensifies after Secretary General says Hamas attacks 'did not happen in a vacuum',International Response,https://www.cnn.com/2023/10/25/middleeast/un-israel-spat-guterres-gaza-intl/index.html,
CNN,2023-10-26,UN says fuel shortages will halt Gaza aid operations within a day,Humanitarian,https://www.cnn.com/2023/10/25/middleeast/israel-hamas-gaza-war-wednesday-intl-hnk/index.html,
The Times of Israel,2023-10-07,"Hamas terrorists burst through border, slaughter Israelis in their homes",Hamas Attack / Hamas Operations,https://www.timesofisrael.com/liveblog-october-7-2023/,"At least 300 killed, 1,590 injured, hostages taken in multi-pronged infiltration from Gaza, as terrorists attack civilians, soldiers at 22 sites; thousands of rockets fired at Israel."
The Times of Israel,7 October 2023,"‘We are at war,’ Netanyahu says, after Hamas launches devastating surprise attack",Hamas Attack / Hamas Operations,https://www.timesofisrael.com/we-are-at-war-netanyahu-says-after-hamas-launches-devastating-surprise-attack/,"PM vows to exact ‘unprecedented price’ from terror group after hundreds of gunmen cross border, attack homes and IDF bases; thousands of rockets fired; opposition backs gov’t, IDF. Prime Minister Benjamin Netanyahu said Israel “is at war” after Hamas launched a devastating surprise attack on the country on Saturday, and vowed to exact an “unprecedented price” from the terror group. “Citizens of Israel, we are at war. Not an operation, not a round [of fighting,] at war! This morning Hamas initiated a murderous surprise attack against the state of Israel and its citizens,” Netanyahu said in his filmed statement in Hebrew. The statement, which appeared to have been filmed at the Israel Defense Forces headquarters in Tel Aviv, was posted at around 11 a.m., several hours into the fighting that erupted after Hamas fired thousands of rockets into Israel and hundreds of gunmen crossed the border with the Gaza Strip and invaded multiple Israeli towns and communities. At least 200 Israelis were confirmed killed and over 1,400 wounded by evening. Additional casualties were reported from the Gaza border communities, where gun battles still raged between the IDF and terrorists who were seen roaming freely in several places. “We have been in this since the early morning hours. I have convened the heads of the defense establishment. I’ve given directives, first and foremost, to clear the [affected] urban areas of the terrorists who penetrated them,” Netanyahu said. “This is happening right now.” “In parallel, I am initiating an extensive mobilization of the reserves to fight back on a scale and intensity that the enemy has so far not experienced. The enemy will pay an unprecedented price,” Netanyahu said. “I urge the public to follow strictly the directives of the military, the Home Front Command. We are at war and will win,” Netanyahu said. Throughout Saturday, the IDF said it struck multiple terrorist squads in southern Israel, as well as several sites belonging to Hamas in the Gaza Strip. The sites targeted by Israeli Air Force fighter jets and drones included 17 military compounds, four headquarters, and two high-rise towers the IDF said were used to house Hamas assets. The military said it notified residents of the two buildings before they were hit. IAF fighter jets dropped more than 16 tons of munitions on Hamas assets in the Strip, according to a military source. Defense Minister Yoav Gallant also vowed that Israel “will win this war.” “Hamas made a grave mistake this morning and started a war against the State of Israel. IDF soldiers are fighting the enemy at all the infiltration sites,” Gallant said in remarks provided by his office. “The State of Israel will win this war,” he added. A joint statement from Knesset opposition party heads gave full backing to the IDF and called on the international community to condemn the acts of terror. Yesh Atid head Yair Lapid, National Unity head Benny Gantz, Yisrael Beitenu head Avigdor Lieberman and Labor party head Merav Michaeli said, “In days like these there is no opposition and no coalition in Israel.” We “are united in the face of terrorism” and the need to strike with “a strong and determined fist,” said the statement, calling for retribution against Hamas and all terrorist organizations that cooperate with it. “It is necessary to mobilize the international community against terrorism,” the statement continued, ending with strong support for the citizens of Israel, active and reserve IDF soldiers all security and emergency forces. “We call on all citizens — obey the directives of the Home Front Command, take care of yourselves and together we will overcome terrorism,” said the statement. Organizers of protests against the government’s judicial overhaul scheduled for Saturday night announced the cancellation of the weekly demonstrations. “We stand with the residents of Israel and give full support to the IDF and the security forces,” the protest organizers said in a statement. “We call on all those who are needed to report [for duty] and play their part to safeguard the security and health of of the residents of Israel.” The Brothers and Sisters in Arms protest group also urges all those who are needed to report for duty “without hesitation.” Hundreds of reservists had previously refused to report for duty so long as the government pursued its controversial reform. President Isaac Herzog also called for solidarity. “The State of Israel is at a difficult moment. I am wishing much strength to the IDF, its commanders and fighters and the entirety of the security and rescue forces,” Herzog wrote on X. “I wish to encourage and strengthen all in Israel who are under attack. I urge everyone to follow the instructions of the Home Front Command, and demonstrate mutual solidarity and calm. Together we will triumph over those who wish to harm us.”"
The Times of Israel,"26 October 2023,",IDF: Gaza resident says Hamas preventing evacuations; thousands return north  ,Humanitarian,https://www.timesofisrael.com/idf-gaza-resident-says-hamas-preventing-evacuations-thousands-return-north/,"Army intelligence officer speaks with Gazan, urging him to head to south of Palestinian enclave, but man says terror group is blocking roads. Israel released audio of what it said was a Gazan man telling an IDF officer that Hamas is blocking people from fleeing the northern Gaza Strip, as strikes on the Palestinian enclave continued to intensify, with a UN official saying that nowhere in the Strip was safe. Some 350,000 Palestinians are still in northern Gaza, according to Israeli estimates, and tens of thousands who evacuated have since returned, the UN says. Military officials have repeatedly exhorted Palestinians to move south as it prepares for a ground incursion to topple Hamas following the terror group’s slaughter of some 1,400 people, mostly civilians, in southern Israel earlier this month. In audio published by the Israel Defense Forces Thursday, an IDF officer can be heard calling on a man to head toward Khan Younis in southern Gaza. The man replies that Hamas is placing roadblocks with cars, and “just sending people back home.” The Gazan also says that Hamas members are shooting at Palestinians attempting to leave the area. The recording was made by a soldier in the Military Intelligence Directorate’s Unit 504, which has been calling up Palestinians in northern Gaza in recent days, instructing them to leave the area for their safety. “The Hamas terror group continues to use the residents of Gaza as human shields and prevent them from evacuating to the south, as we saw in the past, by placing barriers that the terror group set up,” the IDF said in a statement. The IDF has accused Hamas of preventing Palestinians from evacuating south several times since the war began on October 7, but the recording was its first attempt to present proof. Gazans say the south is also being bombarded by Israeli airstrikes and point to overcrowded shelters and other dire conditions, including shortages of clean water and food. “It doesn’t make sense to me that I should leave my home to go and get killed in a tent in the south of Gaza,” said Mahmoud Shalabi, who works for Medical Aid for Palestinians, a UK-based charity providing health services. Israel has been bombarding the Strip since October 7, when some 2,500 terrorists led by Hamas burst across the border into Israel from the Gaza Strip by land, air, and sea, killing some 1,400 people, mostly civilians, and seizing at least 228 hostages of all ages, under the cover of thousands of rockets fired at Israeli towns and cities. Israeli military officials have said they are determined to crush Hamas and the focus will be on the north, including Gaza City, where Israel says key Hamas assets, tunnels and bunkers are located. The IDF says it is making efforts to prevent civilian casualties, including evacuation instructions. International rights groups have sharply criticized the Israeli evacuation orders, saying they cannot be considered effective warning to civilians, under the rules of international law, because of a lack of realistic options for those fleeing. “When the evacuation routes are bombed, when people north as well as south are caught up in hostilities, when the essentials for survival are lacking, and when there are no assurances for return, people are left with nothing but impossible choices,” said Lynn Hastings, the UN humanitarian coordinator for the Palestinian territories. “Nowhere is safe in Gaza.” But writing on the Articles of War website on October 15, Michael Schmitt, a professor of Public International Law at the University of Reading and a scholar at the US Military Academy at West Point, took issue with this. It was “bewildering,” he said, “that humanitarian organizations are not encouraging the civilian population to move away from what will be a destructive and deadly urban battle.” More than 1.4 million Gaza residents are now displaced across the narrow Strip, out of a population of 2.3 million, and UN shelters are packed at triple their capacity, UN agencies say. Services in the north have deteriorated since Israel’s evacuation order prompted at least 700,000 Palestinians to flee south. Most homes have no electricity, water or fuel. Still, some Palestinians are choosing to return north, tired of moving from place to place under Israeli fire as shelters become overcrowded and unlivable. UN monitors estimate 30,000 have returned. Ekhlas Ahmed, 24 and eight months pregnant, was among them. A week ago, she fled Gaza City after repeated Israeli warnings to move south. She returned after the home she was sheltering in along with 14 other family members in the south was hit by an Israeli airstrike. “It was a residential building and they bombed it,” she said. Ahmed, who has a 4-year-old son, is hoping for a ceasefire. “I am very frightened. All of us are frightened,” she said. The Hamas-run health ministry in Gaza has said that more than 6,500 people in Gaza have been killed since the start of the war. The numbers cannot be verified and include those killed in a blast at a hospital, which Hamas blamed on Israel, but which Israel proved evidence to show was caused by an Islamic Jihad rocket, aimed at Israel, falling on the hospital parking lot. The US and several Western governments have endorsed Israel’s version of the incident. Israel says more than 550 rockets fired by terror groups at Israel have landed inside the Strip since the war began. Meanwhile, continued barrages of rockets fired at Israel from Gaza and allied Lebanon-based terror group Hezbollah have displaced over 200,000 Israelis, the military says."
The Times of Israel,13 October 2023,"Awaiting ID, the bodies of Hamas’s victims are stacked on racks in outdoor containers  ",Hamas Attack / Hamas Operations,https://www.timesofisrael.com/awaiting-id-the-bodies-of-hamass-victims-are-stacked-on-racks-in-outdoor-containers/,"Most of the Israeli civilian bodies transferred to the Military Rabbinate for processing await ID, complicated by condition of the remains and availability of fingerprint records. RAMLE — Bodies are hauled in via refrigerated trucks, shrouded in thin white sheets or sealed in plastic bags, and unloaded in a quiet corner of the Military Rabbinate’s main base. Overwhelming the permanent mortuary facilities, they are racked and loaded into a series of refrigerated containers, so they can be stored for processing and burial. These are the unidentified bodies among the 1,300 Israelis, the vast majority of whom civilians, who were killed by Hamas during a devastating Saturday terror attack. “We take the bodies of the murdered from the war,” explained A., a military officer responsible for overseeing the identification and processing operation. “Not everyone comes with identification, so we identify them with DNA, fingerprints, teeth records,” he said. When asked if the facility processes the deceased through in-person family identifications, A. said a resolute “no.” “It’s impossible to identify them after a while,” he added, declining to elaborate. “Some bodies are so mutilated,” said Josh Wander, a spokesperson for burial organization Zaka, who was on site alongside several Zaka volunteers helping the military to process the corpses. Devastatingly numerous among the Hamas victims, children, Wander said, pose a specific identification challenge. “Most people have fingerprints in a database — if they have biometric ID or a passport, from the army, or if they were arrested,” Wander explained. “If for some reason they can’t do that because they’re children or the body is mutilated to the point of not being able to take fingerprints, they go through the process of DNA,” he continued. DNA processing, he added, requires a longer identification timeframe, meaning more uncertainty for families. The Israel Defense Forces on Thursday announced that of the 854 civilian bodies that had been brought to the rabbinate, 361 have been identified and 264 buried. In addition, the remains of 257 soldiers were identified, largely using fingerprints, dental records and dog tags. Not all of the soldiers killed in Saturday’s attack were active in the fighting, as many were killed off duty, particularly during Hamas’s massacre of a desert music festival near the town of Re’im. Forty-eight police officers and 10 Shin Bet service members were also among the fallen, according to numbers released by their services. It is unclear if they are counted among the civilian deaths. Hamas surprised Israel early on Saturday morning, overwhelming Israel’s Gaza border fence and infiltrating southern communities, a police station, a military base, and a music festival timed to coincide with the Jewish holiday of Simchat Torah, also celebrated last Saturday. The terror organization filmed and released videos of its combatants committing atrocities and in their immediate aftermath, including rape, beheadings and torture. In addition to over 1,300 Israeli dead and 3,300 wounded, an estimated 150 Israelis were kidnapped to the Gaza Strip, and are now being held hostage. Israel, in response, quickly declared war against Gaza Strip terror organizations and embarked upon an airstrike campaign that has left 1,500 dead in Gaza, according to the Hamas-controlled health ministry. A breakout figure for combatants among the casualties was not released. A further 1,500 Hamas terrorists were killed inside Israel, where fighting persisted for several days."
The Times of Israel,31 October 2023,Israeli troops fight ‘fierce battles’ against Hamas in urban areas deep inside Gaza  ,Israeli Response,https://www.timesofisrael.com/israeli-troops-fight-fierce-battles-against-hamas-in-urban-areas-deep-inside-gaza/,"4 wounded by rockets in Ashdod amid heavy fire; IDF general to troops: We’ll fight in the alleys, in the tunnels, victory is the only option; 80 aid trucks set to enter Strip. The Israel Defense Forces said Tuesday that troops were engaged in “fierce battles against Hamas terrorists deep in Gaza,” as soldiers and tanks pushed further into the Strip amid the war against the terror group. The military said ground and air forces hit several Hamas positions and anti-tank guided missile squads. According to the IDF, troops have killed dozens of terrorists amid the fighting in urban areas, and have also seized weapons. The IDF did not provide new information on potential Israeli casualties. IDF spokesman Rear Adm.  Daniel IDF Spokesman Daniel Hagari said IDF ground forces were “fighting terrorists at close quarters, heroically and courageously. “This is dangerous conflict.  It has a price,” Hagari added.  “It is complex, but it is essential to our capacity to achieve the aims of the war. ”The military also announced it killed the commander of Hamas’s Beit Lahiya Battalion, Nisam Abu Ajina, in an overnight airstrike in the northern Gaza Strip. According to the IDF, Abu Ajina was responsible for commanding the Hamas terrorists who carried out the deadly onslaught at Kibbutz Erez and Netiv Ha’asara on October 7. The military said Abu Ajina previously commanded Hamas’s aerial forces, and worked on the development of the terror group’s drones and paragliders, used in the October 7 attacks, and that “his elimination constitutes a significant blow to the Hamas terror group’s efforts to disrupt the IDF’s ground operations” in the Gaza Strip. On Tuesday afternoon, four people were wounded, including one seriously, by two separate rocket impacts in Ashdod following a barrage of missiles fired from Gaza. The Magen David Adom ambulance service said it is treating a 50-year-old man in serious condition with shrapnel injuries, and three men aged 64, 46, and 35 in good condition, who were hit by glass shards. They were all taken to the local Assuta Hospital. In response to the October 7 massacres, Israel has vowed to destroy Hamas, which rules Gaza, and to pursue every avenue to secure freedom for all of the hostages kidnapped to Gaza. Hagari said the military has so far notified the families of 240 hostages that their loved ones are being held in the Gaza Strip, upping the confirmed number of people who were abducted on October 7 to at least 245.  He said the number was not final as the military investigates new information. Since the assault, Hamas has released four hostages — an American-Israeli mother and daughter and two elderly Israeli women — in moves brokered by Qatar, which hosts both a US military base and Hamas’s political bureau. On Monday it was announced that a soldier abducted by Hamas had been rescued from the Gaza Strip in an overnight operation, the first captive taken in the terror group’s shock assault on October 7 to be freed by Israeli troops. In a joint statement, the Israel Defense Forces and the Shin Bet security agency said Pvt.  Ori Megidish was in good condition and was rescued during a ground operation, without giving further details. Megidish was an observation soldier, taken hostage when terrorists stormed the Nahal Oz base over three weeks ago.  She was believed to have been held alone, though other members of her unit were captured by Hamas in the onslaught. The Shin Bet and IDF were not expected to reveal further information on how Megidish was rescued from Hamas captivity, to prevent harm to future operations. Hagari said Monday that Megidish managed to recall everything she saw in the Gaza Strip, providing information that he said may be used in future operations. Megidish’s return was hailed by Israeli leaders, with Defense Minister Yoav Gallant saying the operation “is proof” that Israel can rescue the hostages held by Hamas and other terror groups. Megidish was dragged into the Strip by Hamas and allied terror factions during the shock assault on southern Israel three weeks ago, when some 2,500 terrorists stormed across the Gaza frontier in a multipronged attack and killed over 1,400 people, most of them civilians slaughtered in their homes and at an outdoor music festival. The captives, also mainly civilians, include women, the elderly and children, some still in diapers.  It is not clear how many of them are alive. The announcement that Megidish was rescued came hours after Hamas released a video showing three of the women it took hostage.  The hostages, who appeared to be filmed under duress, were identified as Danielle Aloni, Rimon Buchshtab Kirsht, and Lena Trufanov. Meanwhile, rocket fire toward southern and central Israel continued Tuesday, with damage caused to a home in the Eshkol Regional Council during one of the attacks. There were no injuries as the home was vacant at the time.  Communities on the northern and southern borders have been largely evacuated since the start of the war. In addition to the Gaza border towns, a barrage was also fired toward an area of the Negev desert close to the southern city of Beersheba.  The areas attacked include regions where many Bedouin live without access to proper shelters. Multiple barrages were also fired toward central Israel, sending hundreds of thousands running for shelter. Sirens were heard in Tel Aviv, Petah Tikva, Ramat Hasharon and Bnei Brak, in addition to other localities. As the fighting continued, the IDF released a radio recording of the head of the Southern Command, Maj.  Gen.  Yaron Finkelman, telling troops operating in the Gaza Strip that there can be “no result other than victory. ”“Southern Command stations, commander is speaking.  We are launching an attack on Hamas and the terror groups in the Gaza Strip.  Our goal is one, victory.  No matter how long the fighting will be, how difficult, there is no other result but victory,” Finkelman said. “We will fight professionally and powerfully in light of the IDF values ​​we were raised on.  Chief among them is sticking to the mission and striving for victory,” he said. “We will fight in the alleys, we will fight in the tunnels, we will fight where necessary.  We will strike the terrible enemy that stands before us,” Finkelman continued. “My fighting brothers, the residents of Be’eri, Sderot, Nir Oz, Kfar Aza, and the western Negev communities, and with them the entire nation of Israel, are all looking at us now.  Like me, they also trust you and believe in you,.  You are the generation of victory,” he said. “Get to your tasks, hit the enemy, over and out. ”As the fighting intensifies, Israel has faced increasing calls for a ceasefire in the war against Hamas in Gaza, and on Friday, a United Nations resolution calling for a ceasefire with no mention of Hamas passed with an overwhelming majority. On Monday evening, Prime Minister Benjamin Netanyahu dismissed the idea that Israel would agree to a ceasefire with Hamas. “I want to make clear Israel’s position regarding a ceasefire.  Just as the United States would not agree to a ceasefire after the bombing of Pearl Harbor, or after the terrorist attack of 9/11, Israel will not agree to a cessation of hostilities with Hamas,” he said in English during a press conference for foreign media. “After the horrific attacks of October 7, calls for a ceasefire are calls for Israel to surrender to Hamas, to surrender to terrorism, to surrender to barbarism.  That will not happen,” he said. Israel has vowed to eradicate the terror group that has ruled the Gaza Strip since 2007 and has been targeting all areas where the group operates, while also seeking to minimize civilian casualties. Meanwhile, the Defense Ministry announced Tuesday that 80 trucks with humanitarian aid were slated to enter Gaza in the coming hours, the largest number in one day since the start of the war. UN officials say at least 100 trucks’ worth of aid are needed a day for the enclave. The US and other allies have pressed Israel to significantly scale up the pace of aid entering Gaza.  Israel says it must check all shipments entering the Strip for weapons or other contraband, and has expressed worries that the goods will end up in the hands of Hamas, which rules the Strip. Israel has blocked aid from entering from its side of the border but has increasingly allowed convoys to enter from Egypt, while asserting that there is no humanitarian crisis in the enclave and that Hamas has stockpiled supplies which it is keeping from increasingly desperate civilians. "
The Times of Israel,31 October 2023,Top Hamas official declares group is not responsible for defending Gazan civilians  ,Humanitarian,https://www.timesofisrael.com/top-hamas-official-claims-group-is-not-responsible-for-defending-gazan-civilians/,"Moussa Abu Marzouk says vast underground tunnel network is for the protection of the terror group’s members, while civilians should be taken care of by the UN and Israel. Moussa Abu Marzouk, a prominent member of Hamas’s political bureau, has declared that the terror group that rules Gaza is not responsible for protecting the Strip’s civilians, and said that the vast tunnel network underneath the enclave is only for the protection of Hamas terrorists. In an interview with Russia Today’s Arabic channel on Friday, Abu Marzouk was asked why Hamas has dug 500 kilometers (310 miles) of tunnels in the territory it has ruled over since 2007, but has never built shelters for civilians to hide during bombings. “We built the tunnels because we have no other way of protecting ourselves from being killed in airstrikes. We are fighting from inside the tunnels,” the Qatar-based official said, according to a segment of the interview translated and shared by the Middle East Media Research Institute (MEMRI). “Seventy-five percent of the population of Gaza are refugees, and it is the UN’s responsibility to protect them,” Abu Marzouk added, referencing the UN relief agency for Palestinian refugees (UNRWA) that operates across Gaza, the West Bank and other Middle East countries to provide basic services to Palestinian refugees from 1948 and their millions of descendants, who are also regarded by the agency as refugees despite never being displaced during their lifetime. Abu Marzouk claimed that it was Israel’s obligation to provide for the needs of the citizens of Gaza under the Geneva Convention, referring to the international agreement for the protection of noncombatants during armed conflicts. Hamas has fired tens of thousands of rockets aimed at Israeli cities over the past 20 years, in contravention of the same convention. The Palestinian terror group also overtly targeted civilians earlier this month, when some 2,500 terrorists burst across the border into Israel by land, air and sea on October 7, killing over 1,400 people, mostly civilians butchered in their homes or at an outdoor music festival. They also seized at least 245 hostages of all ages, under the cover of a deluge of thousands of rockets fired at Israeli towns and cities. In response to the October 7 massacres, Israel has vowed to destroy Hamas and its terror infrastructure above and under the ground, and to pursue every avenue to secure freedom for all of the hostages. It has urged civilians living in northern Gaza to evacuate to the south to better differentiate between combatants and civilians. The chief of staff of the Iranian army claimed on Tuesday that 400 kilometers (248 miles) of Hamas tunnels run underneath the northern section of the Gaza Strip, and that some of them are broad enough for vehicles and motorcycles to pass through. The Israeli military on Friday night revealed that several of the tunnels lead to Hamas’s underground base, located under Gaza’s Shifa hospital, the largest in the enclave, allowing Hamas officials to reach the base without having to enter the building above the ground. An apprehended Hamas terrorist confirmed in an interrogation that Hamas uses hospitals and medical clinics because it knows that Israel won’t target them. The sites can be used to pass “explosives, weapons, food, medical equipment” for use by the terror group.  "
The Times of Israel,25 October 2023,"500 Hamas, PIJ terrorists trained for October 7 attack in Iran last month – report  ",Hamas Attack / Hamas Operations,https://www.timesofisrael.com/500-hamas-pij-terrorists-trained-for-october-7-attack-in-iran-last-month-report/,"WSJ claim comes hours after IDF spokesman directly accuses Tehran of providing Gaza-ruling terror group ‘with training, supplying weapons, money and technological know-how.’ Hundreds of Palestinian terrorists underwent “specialized combat training” in Iran weeks before the group’s murderous onslaught against Israel, according to a Wednesday report in The Wall Street Journal. The newspaper, citing “people familiar with intelligence” surrounding the brutal Hamas massacre on October 7 — in which 1,400 Israelis, mostly civilians, were murdered — reported that 500 members of both Hamas and Palestinian Islamic took part in training last month led by Iran’s Islamic Revolutionary Guard Corps. Israel has repeatedly accused Iran of being a key force behind the coordinated Hamas attack on Israel, in which it succeeded in disabling the high-tech Gaza border fence and streaming across the border to carry out its devastating assault on nearby communities, which included taking at least 224 people hostage. Iran has welcomed the Hamas assault, but denies it played a role in its planning. According to the WSJ report, Iranian Brig. Gen. Esmail Qaani, the head of Quds Force, attended the training activities led by the IRGC. Hours before the report was published, IDF spokesman Rear Adm. Daniel Hagari pointed a finger directly at Iran for helping to plan the brutal attack. Hagari said at a press conference Wednesday that Iran had directly aided Hamas “before the war, with training, supplying weapons, money and technological know-how.” Even now, he added, “Iranian aid to Hamas continues in the form of intelligence and online incitement against the State of Israel.” Meeting with French President Emmanuel Macron on Tuesday, Prime Minister Benjamin Netanyahu echoed comments he has made to other visiting world leaders — that Israel is facing an “axis of evil, led by Iran, Hezbollah, Hamas, Houthis, their minions who are fighting to bring back the Middle East, the world, to the early Middle Ages.” The WSJ has also reported that Iranian security officials “gave the green light” for the assault at a meeting in Beirut five days before October 7, citing senior members of Hamas and Lebanon’s Iran-backed Hezbollah movement. But US officials pushed back against that report, saying its intelligence did not show a direct link between Iranian officials and the attack, while noting that Tehran is a longtime backer of Hamas. In comments to the UN Security Council on Tuesday, US Secretary of State Antony Blinken said that it “is no secret” that “for years, Iran has supported Hamas, Hezbollah, the Houthis and other groups that continue to carry out attacks on Israel.” In response, Iran’s permanent representative to the United Nations Amir Saeid Iravani lashed out at Blinken for what he called his attempt to “wrongly place the blame on Iran.” “Iran categorically rejects these groundless allegations,” Iravani said. A week earlier, Blinken said that the US does not have “direct evidence that Iran was involved in the attack, either in planning it or carrying it out. But that could change.” Iranian Supreme Leader Ayatollah Ali Khamenei on Wednesday accused the United States of “directing” strikes that Israel has been carrying out on Hamas, calling the US “a definite accomplice of criminals” during a speech in Tehran. “The United States is in some way directing the crime that is being committed in Gaza,” he said, suggesting the hands of Americans “were tainted with the blood of the oppressed, children, patients, women and others.” On Sunday, Tehran threatened Israel that the region could spiral “out of control” if the war in Gaza continues. Iran’s Foreign Minister Hossein Amir-Abdollahian said that he warned “the US and its proxy [Israel]… that if they do not immediately stop the crime against humanity and genocide in Gaza, anything is possible at any moment and the region will go out of control.” "
The Times of Israel,8 October 2023,"Death toll from Hamas onslaught passes 800, over 100 kidnapped, as Israel strikes Gaza  ",Hamas Attack / Hamas Operations,https://www.timesofisrael.com/death-toll-from-hamas-onslaught-passes-600-over-100-kidnapped-as-israel-strikes-gaza/,"2,200 wounded, relatives of missing issue impassioned pleas for help; after 36 hours, IDF still tackling terrorists in several communities; some Israelis evacuated from border areas. Israel formally declared a state of war on Sunday as the death toll from an unprecedented Hamas attack a day earlier rose above 700 and was expected to rise further, with the fate of over a hundred people abducted and taken to the Gaza Strip still unclear. On Monday afternoon, the toll was updated to 800. The Government Press Office, a body that operates under the Israeli Prime Minister’s Office, said that the number of hostages in Gaza was at over 100. Hamas and Islamic Jihad boasted Sunday night that they were holding some 130 Israeli hostages, claiming this included high-ranking army officials. Israeli jets carried out “intense” airstrikes on targets in Gaza on Sunday afternoon, shortly after Prime Minister Benjamin Netanyahu’s office announced that the security cabinet had voted Saturday evening to put the country officially at war, meaning it can carry out “significant military activities.” Battles were ongoing Sunday in at least three communities near the Gaza border overrun by Hamas gunmen a day earlier, and rocket fire continued to dog Israeli communities, as Israel girded for what was expected to be a prolonged campaign against the Gaza-based terror group. In an assault of shocking breadth, Hamas gunmen rolled into as many as 22 locations in southern Israel on Saturday morning, including towns and smaller communities as far as 15 miles (24 kilometers) from the Gaza border. In some places, they roamed for hours, gunning down civilians and soldiers as Israel’s military scrambled to muster a response. At the same time, thousands of rockets were fired at towns in the south and center. The scenes of chaos and suffering and the prolonged failure to gain control of the situation have shocked and outraged the nation, and sparked demands for answers on the many failures of intelligence, deployment, and policy that had enabled such a national catastrophe, with hundreds of terrorists flooding civilian communities in armed convoys. Officials estimated Sunday that over 700 people were killed in the massive assault launched by Hamas terrorists in Israeli communities near Gaza and by the thousands of rockets fired into Israel, making it the bloodiest day in the nation’s history, according to reports. A spokesperson for ZAKA, a volunteer group that handles human remains after terror attacks and other disasters, told Hebrew media that the death toll rose sharply, as Israeli teams managed to clear Hamas gunmen out of communities along the border and recover victims. Strategic Affairs Minister Ron Dermer told CNN in an interview Sunday that the death toll was “well north of 600 people,” adding: “There will probably be more hundreds, several hundred more.” The Health Ministry said that the number of wounded in hospitals had reached 2,243, including 22 in critical condition and 343 seriously wounded. The liberation of communities and other areas from Hamas control revealed shocking scenes of streets, fields and highways littered with bodies, abandoned vehicles and personal belongings, with many people having been slain in their own homes. Reut Karp shared on Facebook an alarming testimony from her children about the murder of their father, Dvir Karp, and his partner Stav in Kibbutz Re’im. “At 8:20 a.m., terrorists entered Dvir’s home, he lunged at them with an axe, tried to protect my two kids who were with him, and was murdered in front of their eyes,” she posted. “His partner Stav also tried to protect them, but was murdered as well. The terrorist calmed down my Daria and Lavi, covered them in a blanket, took lipstick and wrote on the wall: ‘The al-Qassam [Brigades] people don’t murder children.’ “For three hours, I was on the phone with Daria, calming her down, hearing her breathe heavily and in fear. She was hearing someone still inside the house and I instructed her to be silent,” said Reut Karp, who lives in Yehud. Eventually, she said, an armed civilian found and rescued the kids through the window — to avoid passing by the bodies — and took them to a safe home where they were still besieged and unable to leave the kibbutz as of Sunday. Mor Bayder shared the story of the brutal murder of her grandmother in Kibbutz Nir Oz. “My grandmother, my whole world, who lit up my life, a rock to me and my family, a resident of Nir Oz all her life, was viciously murdered yesterday by a terrorist in her home,” Bayder wrote on Facebook. “At 7 a.m., I saw the nightmare of my life. A terrorist broke into her home, murdered her, took her phone, photographed the horror, and posted it on her Facebook account. That’s how we found out.” In some cases, the Hamas terrorists set buildings on fire in Nir Oz to flush out families from their hideouts, then proceeding to shoot or kidnap them. In addition to those killed and injured, Hamas gunmen took an unknown number of civilians and soldiers captive into Gaza after overrunning several military bases and communities. Social media was filled with horrifying videos of men, women and children being carried into the Strip, many of them appearing to have been abused. There were also videos published of dead Israelis taken, including soldiers, the bodies of some of whom were paraded in the streets. The Israel Defense Forces said Sunday it had established a situation room to focus on putting together accurate information regarding the Israeli hostages held by the Hamas terror group in the Gaza Strip. The IDF said the team will compile a “situational picture” for locating the captives, both soldiers and civilians. “Amid all the complexity and uncertainty, it is necessary to issue reliable messages as quickly as possible. Some families have already received messages about their loved ones,” the IDF said. Police and the IDF Home Front Command have also established a situation room to identify those killed in the attacks using DNA samples provided by families. A long line of Israelis with missing relatives snaked outside a police station in central Israel to supply investigators with DNA samples and other means that could help identify their family members. Writing on X, Opposition Chief Yair Lapid called on Prime Minister Benjamin Netanyahu to immediately appoint a coordinator for missing and captive Israelis “so that there will be someone to work with the families.” Shortly after, Netanyahu appointed Gal Hirsch, a reservist brigadier-general who commanded the 91st Division in the 2006 Second Lebanon War, as the government’s point man on missing and kidnapped citizens. Among the kidnapped were small children, the elderly, and foreign nationals including 11 Thais working on farms near the border. US Secretary of State Antony Blinken said the State Department was attempting to confirm reports that Americans had been killed or kidnapped. In Israel, a woman posted a heartfelt plea on social media with a photograph of her 85-year-old grandmother in the hands of Hamas terrorists in Gaza. “This is my grandmother, she was captured and taken to Gaza,” wrote Adva Adar on social media. “Her name is Yaffa Adar and she is 85!!” “My grandmother established the kibbutz with her own hands, believed in Zionism, in this country that has abandoned her, a hostage,” she wrote. “She is apparently thrown somewhere, suffering from severe pain, without medication, without food and without water, dying of fear, alone. “And no one is talking to us, no one can tell us anything.” The call echoed the pleas from the families of those missing, many of whom say they have been abandoned by the authorities. Desperate mother Alin Atias was looking for her daughter Amit Buskila. “Nobody is helping us,” she said. “Where is the government?” “I beg the whole country. Help me find my daughter,” she cried. “Benjamin Netanyahu, I am begging you, send helicopters. Find her, I beg you, please.” Ella Ben Ami said that she believes her father has been kidnapped into Gaza after seeing a photo of him on social media being taken, and has no idea where her mother is. The young woman told Channel 12 news that she has not heard any updates from any government or IDF officials. “We just keep watching the news all day hoping for news,” she said. “It’s horrible, it’s a horrible thought, that we are only finding out information from the news.” An Egyptian official said Israel had sought help from Cairo to ensure the safety of the hostages, and that Egypt’s intelligence chief had contacted Hamas and the smaller but more radical Palestinian Islamic Jihad group, which also took part in the incursion, to seek information. Egypt has often mediated between the two sides in the past. However, both Israel and Hamas denied that talks over the hostages were taking place. “Right now, we are fighting terrorists on Israeli territory. We’re not involved in any talks about the hostages right now,” an official told The Times of Israel. The Israel Defense Forces’ top spokesman, Rear Adm. Daniel Hagari, said that on Sunday, more than 50 fighter jets targeted 120 sites in the Beit Hanoun neighborhood, demolishing Hamas assembly areas used to launch attacks against Israel. In all, the IDF has struck some 800 sites since the fighting began, Hagari said. There were still Hamas terrorists in Israel, and Israeli troops were working to find them and kill them, he said. “We will purify the area and attack terrorists wherever they are,” he said. “Hamas has inflicted a great disaster on the residents of the Gaza Strip. There will be a time for hard questions and tough investigation, but now we are at war and are busy attacking the enemy and winning.” The existence of Israeli hostages in Gaza likely complicated Israeli plans for a widescale counterassault on Gaza. Nonetheless, Israeli jets pounded Hamas and Islamic Jihad positions throughout the Strip, intensifying its air campaign a day after Netanyahu vowed to “avenge this black day.” Sites targeted by Israeli Air Force fighter jets and drones included headquarters used by the terror groups to manage the fighting. The Israeli Navy also foiled attempts by terrorists to infiltrate into Israel via the sea, killing dozens of terrorists. The Hamas-run health ministry in the Gaza Strip said 370 Palestinians have been killed and another 2,200 have been wounded in the Gaza Strip. Most of those were apparently killed in the Gaza Strip as a result of Israel’s retaliatory strikes. The IDF has said that it has killed more than 400 Palestinian terrorists, both in Israel and in strikes in Gaza. But inside Israel, security forces were still struggling to clear terrorist cells entrenched within devastated communities over 36 hours after the coordinated assault began. There were reports of heavy gun battles between Israeli troops and Palestinian terrorists in the southern town of Magen, close to the border with the Gaza Strip. According to Hebrew-language media, the Israel Defense Forces also used tanks against the terrorists in the area. Additionally, gunfights were continuing in Kfar Aza, where there were reports of at least 10 terrorists still holed up. The military said it was evacuating civilians from towns adjacent to the border with the Gaza Strip, while searching the area for any terrorists who may still be in Israeli territory. The towns include Nahal Oz, Erez, Nir Am, Mefalsim, Kfar Aza, Gevim, Or Haner, Ibim, Netiv Ha’asara, Yad Mordechai, Karmia, Zikim, Kerem Shalom, Kissufim, Holit, Sufa, Nirim, Nir Oz, Ein Hashlosha, Nir Yitzhak, Be’eri, Magen, Re’im, Sa’ad, and Alumim. “Further evacuations will be carried out according to the assessment of the situation,” the IDF said. Many civilians were still holed up in their homes, hiding in fear of roving terrorists searching for victims. All known hostage situations, which saw Israeli civilians held captive by Hamas gunmen in their towns, were resolved overnight, with army and police forces killing terrorists and rescuing their captives after hours-long standoffs in Sderot, Ofakim, and Kibbutz Be’eri. But fears that terrorists could still be roaming free throughout the country remained rampant, keeping much of the country on edge. Police said they “neutralized” a car with Palestinian terrorists on the Route 4 highway as it sped northward from Gaza, before veering off into a field close to Ashkelon. But later reports indicated that the driver had been an Israeli and the chase a tragic case of mistaken identity. In Sderot, where terrorists managed to overrun a police station Saturday, a resident riding an all-terrain vehicle was shot and wounded by Israeli forces after refusing to halt, the municipality said. Additionally, there was sporadic rocket fire throughout the day, mainly toward communities in the south, in contrast to barrages a day earlier, which targeted areas as far away as Tel Aviv and Jerusalem. Four people were wounded, one of them critically, in a rocket barrage toward the Sderot area. The municipality said at least six buildings were hit, while the Sdot Negev Regional Council ordered residents to remain in shelters until further notice. On Israel’s northern border with Lebanon, the Hezbollah terror group shelled Israeli positions, drawing Israeli counterstrikes and sparking worries of a second front opening in the war. Defense Minister Yoav Gallant ordered the IDF’s Home Front Command to put together plans for a possible evacuation of towns on Israel’s northern border as well, should fighting break out on that front too. The military was engaged in a mass call-up of reserves soldiers amid preparations for what leaders promised would be an unprecedented military response, with many forces diverted toward the south and also in the north. Israel was receiving broad support from Western governments and leaders, many of whom condemned the Hamas assault and the targeting and systematic abduction of civilians.  "
The Times of Israel,19 October 2023,"Gaza fence was not designed to prevent mass assault on its own, builder said in 2018  ",Hamas Attack / Hamas Operations,https://www.timesofisrael.com/gaza-fence-was-not-designed-to-prevent-mass-assault-on-its-own-builder-said-in-2018/,"Ex-head of Magal Security Systems, which erected barrier, specified that it required accompanying military presence, its aim being ‘to give real-time indication’ of attempted breach. The Gaza-Israel border fence was not designed, on its own, to withstand the kind of assault carried out by Hamas on October 7, when large contingents of terrorists attacked and burst through it in multiple locations and went on to massacre over 1,400 people in Israel. This was made plain by the former CEO of the defense firm responsible for constructing and maintaining the barrier, in a 2018 interview. “It would take about 30 seconds to cross,” Saar Koursh told Bloomberg in April 2018, at a time when Hamas was organizing mass “March of Return” riots at the border and vowing to galvanize 100,000 Gazans to storm the fence. Koursh stressed that the barrier “wasn’t built to stop riots” but rather “to give real-time indication if somebody is trying to cross the border.” The IDF said at the time that it was bolstering border protection with tanks, drones, snipers and other crowd-dispersal techniques. Magal Security Systems Ltd. was first contracted to construct a barrier between Israel and Gaza in 2002. The barrier was further fortified after 2005, following the complete withdrawal of Israel from the Gaza Strip, and subsequently upgraded multiple times. Then Magal began the development of a new and improved “smart fence.” The project, dubbed the Iron Wall, took three and a half years to complete and was finished in December 2021. The project featured new sensors, radar and detection equipment, as well as a new underground wall and maritime barrier. Upon its completion, then-defense minister Benny Gantz praised the project, saying at an opening ceremony for the new 40-mile (65-kilometer) barrier, that it “places an ‘iron wall,’ sensors and concrete between the terror organization [in Gaza] and the residents of Israel’s south.” In the 2018 interview, Koursh, then the CEO of Magal, specified that the barrier could not withstand thousands of people attempting to trample it and burst into Israel. “It would take about 30 seconds to cross,” Koursh told Bloomberg. “This fence wasn’t built to stop riots like you see now. It was built to give real-time indication if somebody is trying to cross the border.” While the March of Return protests and riots died down by the end of 2019, demonstrations along the Gaza fence persisted sporadically. Most recently, last month there were several incidents in which 200 or more Gaza residents rioted at various locations along the Gaza Strip border. During one of the riots, a large explosive was detonated on the border fence. That was repeated dozens of times on the morning of October 7, as some 2,500 terrorists streamed through the breaches in the fence. Koursh indicated in the interview that the barrier, and the technologies embedded into it, needed to be accompanied by the appropriate military measures and deployments to be effective. “When you combine several technologies all together with the military, then you have an effective barrier, a system in place that can deter, delay and detect,” he said. (Koursh could not be reached by The Times of Israel for this article.) The massive attack at dawn on October 7 came under cover of a barrage of missiles aimed at Israeli civilian areas, and involved sniper fire, explosives dropped from drones on lookout and communication towers, and bulldozers that ripped through the six-meter (20-foot)-tall double fence barrier at an estimated 30 places. Terrorists swarmed through in pickup trucks and on motorcycles. According to details reported on October 10 by The New York Times, citing initial assessments by four senior Israeli security officials, the operational failure began when an urgent alert early on the morning of October 7 by intelligence officials about a sudden surge of activity in Hamas communication networks wasn’t acted upon by border guards, who presumably didn’t get it or didn’t read it. But the main failure was said to lie with overreliance on the remote-controlled border fence and improper defenses of it, which allowed drones controlled remotely by Hamas to bomb and disable communication towers, surveillance centers and remotely operated machine guns near the border, as well as disabling security cameras with sniper fire, instantly rendering the border defenseless. Few soldiers were stationed near the border, both because forces had been diverted to the West Bank and because the reliance on the high-tech barrier led the military to believe troops didn’t have to physically guard the frontier in large numbers. Additionally, according to the report, many commanders were clustered in a single army base near the border, preventing a coordinated response and passing of information to the rest of the army once the base was overrun by terrorists and the commanders were killed, wounded or abducted along with many lower-ranking soldiers, some of whom were targeted while sleeping in their barracks. It took many hours until the military was able to connect the dots and take in the magnitude of the situation in the border towns, and send in forces to confront the terrorists. At least 1,000 of the 1,400 slain by Hamas terrorists as they rampaged through the south were civilians, slaughtered in 22 communities and at an outdoor music festival. Some victims — including children — were mutilated, tortured, or raped. Thousands more were injured. At least 200 other people, of all ages, were abducted and taken to Gaza as captives. The attack came amid a barrage of 5,000 rockets fired at Israeli towns and cities.  "
The Times of Israel,"10 October 2023,","IDF says Gaza border finally sealed, bodies of 1,500 terrorists found inside Israel  ",Israeli Response,https://www.timesofisrael.com/idf-says-gaza-border-finally-sealed-bodies-of-1500-terrorists-found-inside-israel/,"Breaches in barrier being mined; military continues to notify relatives of those taken to Gaza; airstrikes target hundreds of sites in Strip, including Gaza City power base Rimal. The Israel Defense Forces said it had finally regained control over its suddenly porous border with the Gaza Strip Tuesday morning, some 72 hours after Hamas terrorists blew through sections of the barrier and launched an invasion that saw over 1,000 Israelis slaughtered or kidnapped. As Israel continued to grapple with the emerging enormity of Saturday’s massacres and the military was formally notifying hostages’ families that their loved ones were being held in Gaza, air force planes bombarded wide swaths of the Strip. Meanwhile, some 300,000 reservists girded for a possible ground invasion, sweeps to locate terrorists feared still hiding inside Israel continued and tensions on the northern border threatened to snowball into a second front. The IDF said it had managed to seal the border, mining areas around breaches as a stopgap against further incursions. The death toll in Israel from the surprise attack and subsequent battles rose above 900, according to reports. Over 500 people remained hospitalized, many with life-threatening injuries; over 2,700 have been injured since Saturday. “In the last day, not a single terrorist entered via the fence,” said the Israel Defense Forces’ top spokesman, Rear Adm. Daniel Hagari. Despite earlier indications, Hagari said that the military had not identified any tunnels crossing from Gaza into Israeli territory. The IDF estimates that there are a small number of terrorists still hiding in Israeli territory. Overnight, Israeli security forces killed at least one Palestinian terrorist near Kibbutz Sa’ad. Troops also exchanged fire with terrorists in Kissufim and Monday night saw police kill another terror suspect near Mishmar Hanegev, some 24 kilometers (15 miles) inside Israel. Lt. Col. Richard Hecht said the bodies of 1,500 terrorists had been located around southern Israel. Hundreds more have been killed in Israeli strikes in Gaza, according to Hamas health officials. The Israeli toll includes at least 123 soldiers, the military said, adding 38 new names to its tally Tuesday as it works to inform families of the deaths. The ZAKA rescue group said 100 bodies had been recovered from Kibbutz Be’eri alone. Another 260 people were slain at an outdoor music festival, the organization said. In addition to the devastating death toll, some 130 people are thought to have been abducted from Israel and taken into Gaza by the terrorists who infiltrated on Saturday. The captives include women, children and the elderly. Social media was filled Saturday with horrifying videos of men, women and children being carried, dragged and driven into the Strip, many of them appearing to have been abused. There were also videos published of dead Israelis taken, including soldiers, the bodies of some of whom were paraded in the streets. Officers were fanning to inform Israeli families that their relatives are being held in Gaza by Hamas, according to Army Radio. On Tuesday morning, Hagari said 50 families had already been informed after saying the army had managed to gather information about all Israelis being held the night before. The families of many of those who were taken had said that they felt abandoned by Israeli authorities after officials were slow to respond to pleas for help or information. Amid a threat from Hamas that it would begin executing hostages in response to Israeli strikes in Gaza carried out without warnings, the IDF said Tuesday it struck more than 200 targets in the Gaza Strip overnight, including a weapons storage site in a mosque, an apartment used by Hamas’s anti-tank guided missile forces, and a high-rise tower used by the terror group, among other military installations. Hecht said the military struck hundreds of Hamas targets overnight in Gaza’s City Rimal neighborhood, which is home to many Hamas ministries and government buildings. He said residents were being notified over social media to evacuate before the strikes but did not elaborate further. He advised any Palestinians able to leave the Gaza Strip for Egypt to do so. “Rafah crossing is still open. Anyone who can get out I would advise them to get out,” Hecht said. After hours of nonstop strikes overnight, Rimal residents left their homes at daybreak to find some buildings torn in half by strikes, while others were reduced to mounds of concrete and rebar. Cars were flattened and trees burned out in moonscapes that had been residential streets. The Gaza health ministry run by Hamas said 687 Palestinians have been killed and another 3,800 have been wounded in the Gaza Strip since the start of fighting on Saturday. More than 187,500 people have been displaced in Gaza since the beginning of the conflict, according to a report from the UN Office for the Coordination of Humanitarian Affairs. UNRWA, the UN agency for Palestinian refugees, is hosting more than 137,000 people in schools across the territory. The report says airstrikes have razed 790 housing units and severely damaged 5,330 in the territory of 2.3 million people. Both Israel and Gazans have described the Israeli attacks as unprecedented in intensity. After days of near-constant barrages on Israel, Gazan rocket fire had largely halted since Monday night, though sporadic fire from Gaza toward border communities resumed briefly overnight and again Tuesday morning, triggering sirens. There were no reports of any injuries. With the US already delivering critically needed munitions and military equipment to Israel, IDF Chief of Staff Lt. Gen. Herzi Halevi held a first phone call with his US counterpart, chairman of the Joint Chiefs of Staff Gen. Charles Q. Brown Jr, who entered the role earlier this month. The Israeli military said the US general “stated that he stands by the IDF and that we will receive all the aid we need.” John Kirby, a spokesman for the National Security Council, confirmed Monday evening that the first batch of military aid in the wake of the violent assault by Hamas terrorists is “making its way” to Israel. And a US official warned Hezbollah to stay out of the fighting, hours after the Iran-backed terror group exchanged mortar fire with Israel and an attempted infiltration from Lebanon. The delivery came as US President Joe Biden prepared to give formal remarks on the attacks from the White House on Tuesday afternoon, after he confirmed that at least 11 Americans were among those killed in the Hamas attack. More have been taken captive, Washington believes. Thailand said Tuesday that 18 of its nationals were among those killed in the devastating onslaught by the terror group. A report in Axios claimed that Prime Minister Benjamin Netanyahu had told Biden that Israel had no choice but to order a ground invasion of Gaza, which would likely mean a drawn-out engagement. The military said 300,000 reservists have been called up, though not all will necessarily take part in the fight, with troops also being sent to protect Israel’s other borders, as well as West Bank settlements and towns inside Israel. A senior government source said Monday that the war is expected to continue for many days, perhaps many weeks, and possibly longer than that. Shortly afterward, the Home Front command advised Israelis to stock up on water, food, and other supplies for at least three days, leading to panic-buying and empty supermarket shelves across the country. The IDF later tried to assure Israelis that the advice was standard and had not been intended to warn Israelis that they were about to be under an emergency situation. Netanyahu on Monday outlined Israel’s battle plan against Hamas terror, likened the group to the Islamic State group, and warned of more “difficult days ahead” for the battered and bleeding nation. “This war was imposed upon us by a despicable enemy — by savages who celebrate the murder of women, children, and the elderly,” he said. “The atrocities carried out by Hamas have not been seen since the atrocities of ISIS. Children bound and executed with the rest of their families, young girls and boys shot in the back, executed, and other atrocities that I will not describe here.” He also called on opposition parties to join an emergency cabinet. “The divisions among us are ended. We are all united. And when we are united, we win,” he said. According to reports, Netanyahu’s Likud and Benny Gantz’s National Unity party were nearing an agreement for a unity government, with an announcement expected later Tuesday.  "
The Times of Israel,25 October 2023,Is the IDF’s ongoing Gaza operation complying with the laws of war?  ,Israeli Response,https://www.timesofisrael.com/is-the-idfs-ongoing-gaza-operation-complying-with-the-laws-of-war/,"Civilian casualties in Gaza, as Israel sets about destroying the ruling terror group, are inevitable but not illegal, experts explain, if the army acts with necessary caution. As Israel’s operation to eliminate Hamas and its military threat to the State of Israel continues into its third week, voices of criticism from the United Nations, human rights groups, and numerous other parties against the IDF’s campaign have inevitably grown louder. The IDF has said its bombing campaign, launched after Hamas terrorists slaughtered over 1,400 people in southern Israel on October 7, has targeted, and killed, Hamas commanders and gunmen, as well as destroyed weapons warehouses, command and control centers, tunnels and numerous other assets that enable the terror organization to function. But Hamas is deeply embedded in Gaza’s civilian infrastructure, a situation that creates severe complications for the IDF. Alongside the blows dealt to Hamas, the army operation, dubbed Swords of Iron, has resulted in heavy casualties in Gaza, reportedly including large numbers of civilians. It has done severe damage to civilian infrastructure, with some neighborhoods undergoing catastrophic destruction. The questions as to whether the Israeli army is acting lawfully will therefore continue to surface, and with greater intensity, together with the poisonous debate this issue raises on social media, university campuses, and elsewhere across the globe. Already, violent pro-Palestinian demonstrations have occurred in some countries alongside a spike in global antisemitism. Determining whether the laws of armed conflict are being honored or violated while a war is raging, and when information about the circumstances of IDF strikes cannot be obtained, is incredibly difficult.  First, a few structural notes. The laws of armed conflict, also known as international humanitarian law, are governed primarily by the Geneva Conventions of 1949 and their additional protocols, including Protocol I which sets out the laws governing the protection of civilians, as well as customary international law. Israel, along with all other states, is a party to the Geneva Conventions. The International Committee of the Red Cross (ICRC), which provides protection to noncombatants under the terms of the Geneva Conventions, lists “Palestine” as a signatory party as well, meaning that both sides to this war are bound by the laws of armed conflict. The International Criminal Court based in the Hague can prosecute serious violations of the Geneva Conventions that amount to war crimes, based on complaints submitted by international organizations, individuals, or parties to the court. The court itself can initiate examinations and investigations into possible violations of the laws of armed conflict. The Palestinian Authority accepted the jurisdiction of the International Criminal Court (ICC) in 2015, although Israel has not ratified the Rome Statute which established the ICC. Israel has, however, responded to allegations of war crimes submitted to the court by the Palestinian Authority against it. Understanding the IDF’s codes of practice, the steps it takes to avoid civilian casualties, and circumstantial evidence from the war can paint a general picture as to the legality of the Israeli army’s operations. A democracy, governed by the rule of law. Israel declared war in response to the early morning October 7 invasion by Hamas terrorists in which they broke through the border fence under cover of thousands of rockets fired at Israel and rampaged murderously through southern communities, killing some 1,400 people, mostly civilians, and taking over 220 hostages into Gaza. Entire families in their homes were among the victims, some of whom were burnt alive. Rapes, torture and other mutilations accompanied the slaughter. Some 260 people were mown down with gunfire and grenades at an outdoor music festival. According to unverified numbers from the Hamas-run health ministry in Gaza, believed to include its own terrorists, over 5,000 Palestinians have been killed in Israel Defense Forces attacks since Israel began bombarding the Strip ahead of an expected ground offensive, with the declared aim of toppling and eradicating the terror group that rules the Strip.  One crucial factor in understanding the overall legal context of the IDF’s operations is that Israel is a democratic country, meaning it is governed by the rule of law and its army’s campaigns are ultimately subject to review by Israeli courts. Operations are conducted upon the direction of the government, specifically the security cabinet, and are overseen by the justice system, including the attorney general and the IDF’s military advocate general. All the IDF’s operations are governed by international law, and IDF orders include a requirement to abide by the Geneva Conventions. As laid out on the IDF’s official website (Hebrew) and supported by comments made on background by experts in the field, the IDF itself provides its soldiers and commanders with education and training in international law through the Military Advocate General’s Corps (MAG Corps) School of Military Law. In addition, the MAG Corps International Law Department provides the IDF with operational advice at various levels of command on international law in terms of what can and cannot be targeted, what weaponry is lawful, who may be detained, how such people can be held, and advice on humanitarian operations in the civilian population. During times of war, the MAG Corps activates an operational law apparatus of military lawyers and lawyers in the IDF reserves who provide advice to operational forces and other units, including those in charge of humanitarian affairs. The head of the MAG Corps, the military advocate general, is appointed by the defense minister in coordination with the IDF chief of staff but is professionally independent and subject only to the law. The MAG Corps is subject to two levels of oversight. The first is the attorney general, who provides international law advice to the government including in times of conflict. The second is the Supreme Court, which may hear petitions against the MAG’s decisions and policies. Allegations of violations of international law during hostilities are examined and investigated by independent military and civilian bodies, including police and prosecutors. Their decisions are also subject to review by the civil justice system and the Supreme Court. Military targets among civilian infrastructure. Pnina Sharvit Baruch, who served as the head of the MAG International Law Department between 2003 and 2009, insists that the IDF only attacks military targets. She noted, however, that these may include residential buildings that are used by Hamas and other terror groups. Because such buildings are being used for military purposes, they become lawful targets, says Sharvit Baruch, as laid out in treaties governing the laws of armed conflict such as Additional Protocol I Geneva Conventions and customary international law. Hamas’s military capabilities are deeply entrenched within Gaza’s civilian infrastructure, and indeed underneath it in a vast network of tunnels, making the task of eliminating its military threat to Israel — as is Israel’s stated goal — without harming civilians extremely difficult. Difficult, but not necessarily illegal. The principle of proportionality: Not a numbers game. One issue of critical importance here is that of proportionality, a concept that is very often misunderstood and misconstrued in a simplistic manner by looking at Israeli casualties and damage to civilian infrastructure, and comparing them to those of the Palestinians. Under the laws of armed conflict, an attack is considered disproportionate, and therefore illegal, “if the anticipated collateral damage to civilians and civilian objects would be excessive in relation to the military advantage expected from the attack,” says Sharvit Baruch, who now works as a researcher at the Institute for National Security Studies at Tel Aviv University. This means that if an attack would provide the IDF with a significant military advantage, such as taking out a Hamas commander, a key weapons facility, or similar, it could be legal even if it were deemed likely to cause civilian casualties, even heavy ones. Every individual attack has to be proportionate in this manner in order to be legal. That said, the circumstances of a given war and the nature of the enemy has a bearing on how the concept of “military advantage” is determined, says Sharvit Baruch. In the wake of its terror onslaught and the atrocities it committed on October 7, Hamas can justifiably be considered to be more dangerous and ruthless in terms of its paramilitary capabilities and its willingness to harm Israeli civilians and commit war crimes than it was previously thought to be. In such a light, the military advantage of killing a Hamas operative, destroying a command and control center, or attacking other targets can be given greater weight in the proportionality equation, meaning that the legally tolerable level of harm to civilians is also higher, says Sharvit Baruch. “In my view, even if many civilians are killed, even in an excessive manner, it is not necessarily illegal, even if it is unfortunate,” she said. Dr. Aurel Sari, an associate professor of Public International Law at the University of Exeter in the UK, points out another crucial point, that proportionality cannot be assessed on the basis of hindsight, but must be assessed on the basis of information that was available to the military commander at the time of the attack and prior to it. “If it turns out that your information was wrong, that a weapon malfunctioned, or other unforeseen circumstances occurred that led to higher civilian casualties than originally anticipated, that is not a violation of the law,” said Sari, who also lectures and consults on international conflict law for NATO and the US and British militaries. He said that in general terms, “The IDF is a professional force that adheres to the law of armed conflict,” and pointed to the quality legal advice it receives through the MAG Corps to help it comply with such laws. Ramping up the level of force. Sari did, however, express concern over some aspects of the IDF’s campaign. “We have witnessed the very extensive destruction of residential areas in Gaza through aerial bombardment,” Sari said, although he noted that there were “undoubtedly” many “military objectives that are lawful military targets in Gaza” that the IDF may legally attack. “However, given the sheer number of targets and the extensiveness of the destruction, questions have been raised whether all of the attacks are in fact directed against lawful military objectives. In a similar vein, there has been concern over the very high levels of incidental harm to civilians and whether this complies with the rule of proportionality,” he added. Sari also said he believed the amount of ordinance, the pace of operations, and the number of sorties being conducted in the current campaign to be higher than in previous IDF campaigns in the Gaza Strip. “It could be that all of this is directed against military targets and that in every case the demands of proportionality are being satisfied, but looking at the tempo of the operations, it appears difficult to sustain that.” Sari acknowledged, however, that without access to the information possessed by the IDF and its commanders, it was impossible to know for certain. Sharvit Baruch agreed that the IDF has increased the level of force it is using compared to previous conflicts with Hamas in Gaza, and said that “the level of destruction and the level of casualties are much higher than before.” But she argued this was because the threat level is now much higher, contending that Hamas constitutes an existential threat to Israeli citizens in the Gaza border region and the country as a whole, especially when taken in combination with the threat posed by Hezbollah on Israel’s northern border and Iranian threats against Israel. “Factually, Israel is operating with more force but that is because the circumstances demand it and in my view, it is legally justified to use more force because the level of the threat is so much greater.” Similarly, in an article published on October 17, Benjamin Wittes, the editor in chief of the Lawfare publication and a senior fellow in Governance Studies at the Brookings Institution, wrote that it would be “a grave analytic and legal error to conflate an apparently large number of Palestinian civilian casualties in Gaza with war crimes.” Wittes wrote that although some strikes “may be war crimes to the extent the civilian death was the result of intentional targeting,” other incidents in which Palestinian civilians have been killed “may reflect mere error, bad intelligence, or collateral damage permissible under the laws of war.” On the same note, Sari said the proportionality calculation “is not a numbers game,” explaining for example that the military advantage of killing a senior Hamas commander could be deemed to justify incidental harm to a larger number of civilians than killing a Hamas foot soldier. Israel’s warnings to evacuate northern Gaza. Another factor with crucial bearing on the legality of a military strike that might harm civilians is the requirement to take feasible precautions to minimize such harm, said Sharvit Baruch. Such precautions include warning the civilian population, although there is no legal obligation to warn of every attack. In previous rounds of conflict with Hamas, the IDF has issued specific warnings of impending strikes, but in the current operation, it has abandoned this practice in favor of general warnings to civilians to leave an area. This is another example of how the nature of the IDF’s operations is different in the current conflict from that of previous rounds of fighting. Sharvit Baruch insisted, however, that this is lawful, and pointed to IDF claims that Hamas has stopped some residents from heeding the Israeli army’s warnings and evacuating northern Gaza, even putting up roadblocks. For the past two weeks, the IDF has warned residents of northern Gaza, with a population of approximately 1.1 million people, to evacuate to the southern part of the territory for safety during airstrikes and the looming ground offensive. Those warnings, however, have been heavily criticized by some, including the United Nations, Amnesty International, and the International Committee of the Red Cross. The ICRC said the warnings were “not compatible with international humanitarian law” when taken together with Israel’s decision to drastically cut the amount of water it supplies to Gaza and prevent the transfer of essential supplies. “When military powers order people to leave their homes, all possible measures must be taken to ensure the population has access to basic necessities like food and water and that members of the same family are not separated,” the organization said. Amnesty International charged that the IDF statements and leaflet drops on northern Gaza “cannot be considered an effective warning” and that they “may amount to forced displacement of the civilian population, a violation of international humanitarian law.” Writing on the Articles of War website on October 15, Michael Schmitt, a professor of Public International Law at the University of Reading and a scholar at the US Military Academy at West Point, took issue with Amnesty International’s claims and said the assessments of the IDF’s warnings needed to evaluate the available options. The alternatives are either “an urban assault into an area full of civilians” or “an evacuation into a place that is not fully prepared to accommodate them.” Wrote Schmitt, “Regardless of the lawfulness of Israel’s siege-like actions, the simple fact is that civilians who head south will be safer.” It was, therefore, “bewildering,” he said, “that humanitarian organizations are not encouraging the civilian population to move away from what will be a destructive and deadly urban battle.” As to the claims of forced displacement, Schmitt noted that the ICRC’s own rules say that “displacement” is legal if the security of civilians requires evacuation, adding that “it is not only permissible to move civilians when their safety can be enhanced but also a requirement when feasible.” Wittes likewise rejected the criticism of Israel’s warnings, saying that the IDF could not be criticized for attacking Hamas in Gaza amid the presence of hundreds of thousands of civilians and at the same time be banned from having those civilians move away to avoid harming them. The siege of Gaza. He was critical, however, of aspects of Israel’s siege on Gaza, saying that cutting off water was “indefensible.” Likewise, Sari said that although siege warfare is not an unlawful method of warfare as such, Israel’s decision to cut the water supply and withhold the transfer of essential items “is difficult to justify – and if it cannot be justified, it is not lawful.” On October 9, Defense Minister Yoav Gallant declared that there would be “no electricity, no food, no fuel” going into Gaza, and Israel imposed a total siege on the territory that day. Supply of some water was restarted on October 15, while the entry into Gaza of general humanitarian aid has also begun again, albeit in a limited way. The war in Gaza and the operation being conducted by the IDF in the territory is highly complex in terms of the challenges facing Israel’s armed forces to eliminate Hamas’s military capabilities while avoiding harm to civilians and thereby complying with the laws of armed conflict. There are numerous facets to the operation, each of which has its own legal obligations and concerns. Given how deeply Hamas is embedded and ensconced within Gaza’s civilian population, and given the severe threat it poses to Israeli civilians and the country’s national security as a whole, making correct decisions in every aspect of this war is very difficult. Sari contends, though, that it Israel must try its utmost to do so in order to live up to its own values, preserve its moral legitimacy, and ultimately maintain the backing of its allies. “Complying with international law is mandatory, but such compliance also reflects the values and principles of Israel as a democracy and distinguishes it from its adversaries,” Sari said. “In addition, compliance with international law is also in Israel’s interest, as it will be critical to maintain the international backing it has received,” he said. "
The Times of Israel,20 October 2023,"Mashaal: Hamas ‘well aware of consequences’ of attack, liberation demands ‘sacrifices’  ",Hamas Attack / Hamas Operations,https://www.timesofisrael.com/mashaal-hamas-well-aware-of-consequences-of-attack-liberation-demands-sacrifices/,"Questioned by critical Saudi interviewer citing ‘Hamas transgressions against Israeli civilians,’ terror group’s former leader falsely claims it doesn’t target non-combatants. In an interview, Hamas official Khaled Mashal said the terror group is “well aware of the consequences” of its brutal October 7 attack on Israel, insisted his group — which massacred some 1,000 civilians in the assault — does not target non-combatants, and said Palestinians will need to sacrifice lives in order to “liberate” themselves from Israel. Mashal, the former political leader of Hamas and still a senior leader in the terror organization, made the comments in an often combative interview on Wednesday with the Saudi-based Al-Arabiya news network. Host Rasha Nabil asked Mashal if he could continue to fly the flag of “resistance” to Israel as the world watched “Hamas transgressions against Israeli civilians” throughout southern Israeli communities. “You are now being compared to Islamic State,” she noted. Mashal responded, “This is an accusation fabricated by [Israeli Prime Minister Benjamin] Netanyahu and unfortunately the West is collaborating with it.” He celebrated the “ingenious” attack which he said was “in the context of legitimate resistance.” He claimed falsely that Hamas “focuses its resistance on the occupation forces, on the soldiers,” while saying that in all wars there are some civilian victims. “We are not responsible for them.” Asked if he wanted to apologize for civilian deaths in the attacks, he said: “Apologies should be demanded from Israel. Hamas does not kill civilians on purpose. It focuses on the soldiers. Period.” Marauding Hamas gunmen swept through communities near the Strip on October 7, slaughtering men, women and children of all ages in their homes and at a large outdoor party in scenes that have horrified Israel and the world, and which Israel’s leaders have compared to the atrocities committed by the Nazis. Victims were shot, stabbed, tortured, raped and burned alive. Some 1,400 Israelis have been confirmed dead, with around 1,000 believed to have been unarmed civilians. The process of identifying the dead continues. Another 200 people, at least, were abducted into Gaza, some alive and some dead, many of them civilians. Asked if he and his group had not brought pointless, wanton destruction upon innocents on both sides of the border, Mashal said: “We know very well the consequences of our operation on October 7.” “Nations are not easily liberated,” he said, going on to note millions of deaths in Russia during World War II, in Vietnam during the Vietnam War, in Afghanistan over decades of wars against the Soviets and the Americans. “The Palestinian nation is just like any other nation. No nation is liberated without sacrifices.” “Israel will kill us, whether we resist it or not,” he added. Mashaal espoused a vision of a crumbling Israeli state (though the country appears to have come together more than ever before in the face of adversity). “Israel has weakened, soldiers refused to serve. This army is not what it once was,” he said. “This entity is defeated, its strategy has collapsed… our people know how to be patient.” Though Israel has so far shown little appetite for negotiating with the group over hostages as it pounds Hamas targets in Gaza and prepares for a major ground offensive, Mashal voiced his belief that Hamas held enough Israelis to secure the release of all Palestinian prisoners held by Israel. He also claimed Hamas was ready to hand over civilian hostages, and only intended to bargain over captured security personnel. Mashal rejected calls to evacuate northern Gaza or for Gazans to seek refuge outside the territory at all. “We refuse to leave Gaza. The displacement of the people of Gaza, if it occurs, will harm Egypt and Jordan,” he said. Asked where Palestinian civilians should go if Israel invades, Mashal said “Allah will protect them.”  He also said Hamas was extending its hand to West Bank-based Fatah and all Palestinian factions to achieve cohesion in order to confront Israel. As for criticism of Hamas leaders enjoying comfortable life abroad as Gazans suffer (Mashal has not lived in the Strip for decades, and currently resides in Qatar), Mashal said: “We are in the middle of the battlefield. Nobody is sitting this one out. The Hamas leaders in Gaza and abroad are running this war together.” "
The Times of Israel,8 October 2023,Commander of IDF’s Nahal Brigade killed in clashes with Hamas on Gaza border  ,Israeli Response,https://www.timesofisrael.com/commander-of-idfs-nahal-brigade-killed-in-clashes-with-hamas-on-gaza-border/,"IDF says Col. Jonathan Steinberg, 42, was en route to site of gun battles near Kerem Shalom when terrorist killed him.   undated photo (Israel Defense Forces).  The commanding officer of the Nahal Infantry Brigade, Col. Jonathan Steinberg, was killed on Saturday during clashes with Hamas terrorists in the Kerem Shalom area near the border with the Gaza Strip, the military announced.  The Israel Defense Forces said Steinberg, 42, from the southern town of Shomria, was en route to the site of clashes being managed by his subordinates when he encountered a terrorist who killed him.  He was the most senior official confirmed dead in the fighting as of Saturday night, and one of the most senior officers to have been killed in combat in recent memory.  The Gaza-based terror group launched an unprecedented assault on Israel in the morning, firing thousands of rockets and sending hundreds of gunmen into Israeli communities by land, sea and air, killing at least 250 people and injuring over 1,500 by midnight.  The multi-pronged attack, coming a day after Israel marked the 50th anniversary of the surprise invasion on Yom Kippur, caught the Israeli military and security forces completely by surprise. Hamas gunmen overran at least one military base and gunmen moved through Israeli border communities, killing and capturing residents, apparently with little resistance from Israeli forces, residents said.  Other clips circulated online have purported to show Israeli civilians taken hostage by the terror group. Arabic media claimed 52 Israelis had been captured. Some of those captured appeared to have been killed.  The infiltration of fighters into southern Israel marked a major accomplishment — and escalation — by Hamas that forced millions of Israelis to hunker down in safe rooms, sheltering from rocket explosions and ongoing gun battles with Hamas fighters. Cities and towns emptied as the military closed roads near Gaza.  The Hamas-run health ministry in the Gaza Strip said 232 Palestinians were killed and another 1,697 were wounded as of Saturday afternoon. Most of those were apparently killed in the Gaza Strip as a result of Israel’s retaliatory strikes.  The IDF said it killed hundreds of Palestinian terrorists in Israel and in strikes in the Gaza Strip.    "
The Times of Israel,9 October 2023,"Defense minister announces ‘complete siege’ of Gaza: No power, food or fuel  ",Israeli Response,https://www.timesofisrael.com/liveblog_entry/defense-minister-announces-complete-siege-of-gaza-no-power-food-or-fuel/,"Defense Minister Yoav Gallant says he has ordered a “complete siege” of the Gaza Strip, as Israel fights the Hamas terror group.  “I have ordered a complete siege on the Gaza Strip. There will be no electricity, no food, no fuel, everything is closed,” Gallant says following an assessment at the IDF Southern Command in Beersheba.  “We are fighting human animals and we are acting accordingly,” he adds.    "
The Times of Israel,10 October 2023,"COGAT chief addresses Gazans: ‘You wanted hell, you will get hell’  ",Israeli Response,https://www.timesofisrael.com/liveblog_entry/cogat-chief-addresses-gazans-you-wanted-hell-you-will-get-hell/,"The Coordinator of Government Activities in the Territories, known by its acronym COGAT, addresses a message to Gazan residents and Hamas leadership, lambasting Palestinian popular support for the terror group.  In a video statement, Maj. Gen. Ghassan Alian, head of COGAT, says: “Kidnapping, abusing and murdering children, women and elderly people is not human. There is no justification for that. Hamas has turned into ISIS, and the residents of Gaza, instead of being appalled, are celebrating.  “Human animals must be treated as such. There will be no electricity and no water [in Gaza], there will only be destruction. You wanted hell, you will get hell.”    "
The Times of Israel,9 October 2023,Air Force pounds Gaza overnight in bid to ‘devastate’ Hamas; rocket fire continues  ,Israeli Response,https://www.timesofisrael.com/air-force-pounds-gaza-overnight-in-bid-to-devastate-hamas-rocket-fire-continues/,"Troops still fighting to clear terrorists from border towns 48 hours after start of assault that has killed over 700; terror groups say they’re holding 130 Israelis hostage in Strip. The Israeli Air Force pounded Gaza with airstrikes overnight Sunday as part of its effort to “devastate the capabilities of the Hamas terror group,” two days after the terror group unleashed carnage on an unprecedented scale in Israel, killing at least 700 civilians and security personnel in the deadliest single day in the nation’s history. Among the 500 targets hit overnight were eight Hamas and Palestinian Islamic Jihad war rooms; a building housing Hamas operatives; several high-rise towers housing Hamas assets; a command center used by a senior official in Hamas’s naval forces; an “operational asset used by Hamas” located within a mosque in Jabaliya; an asset used by the terror group for intelligence; and three tunnels in the Beit Hanoun area in northern Gaza. Israel formally declared a state of war on Sunday as the death toll from the massive Hamas attack rose above 700 and was expected to rise further, with the fate of over a hundred people abducted and taken into the Gaza Strip still unclear. The Government Press Office, a body that operates under the Prime Minister’s Office, said that the number of hostages in Gaza was over 100. Hamas and Islamic Jihad boasted Sunday night that they were holding some 130 Israeli hostages, claiming this included high-ranking army officials. ZAKA, a volunteer group that handles human remains after terror attacks and other disasters, announced Sunday night that among the dead were some 260 mostly young Israelis mowed down by Hamas gunmen who invaded an outdoor music festival in southern Israel. In a shocking assault, Hamas gunmen rolled into as many as 22 locations in southern Israel on Saturday morning, including towns and smaller communities as far as 15 miles (24 kilometers) from the Gaza border. In some places, they roamed for hours, gunning down civilians and soldiers as Israel’s military, caught entirely off guard, scrambled to muster a response. At the same time, thousands of rockets were fired at towns in the south and center of the country. Gun battles between military forces and holed-up terrorists raged throughout Saturday, with the army slowly recovering from its shock and killing and capturing numerous attackers, after long hours in which the gunmen ravaged towns under their control. By Monday morning there were fewer such battles, but the army said there were still pockets of terrorists in the area, including dozens who had infiltrated overnight, and efforts to completely secure the communities were ongoing. The Israel Defense Forces’ top spokesman, Rear Adm. Daniel Hagari, said Monday morning that fighting was ongoing in and near Kfar Aza, Be’eri, Nirim, Shaar Hanegev, Nir Oz, Alumim and Holit. Some of the terrorists have been in Israel since the preliminary attack on Saturday, while others crossed the border over the past two days. Hagari said that overnight, some 70 terrorists infiltrated Be’eri. Most of them were killed in battle with IDF troops, but others were still hiding in homes in the kibbutz. In Kfar Aza, seven terrorists were identified in the town’s vicinity, and the mouth of a tunnel near the kibbutz was found as well, Hagari said. While it was known that the terrorists infiltrated by land, sea, and air, this is the first tunnel found in the current conflict. Israel had invested millions of dollars in an advanced underground wall of sensors and obstacles that was supposed to make tunneling into the country impossible. Six terrorists were identified near Kibbutz Nirim, and four in Alumim, Hagari added. Israel vowed to take the fight back to Hamas; Israeli jets and helicopter gunships hit over 1,148 sites in Gaza since Saturday, as reserves troops girded for a wide offensive against Gaza-based terrorists. An American aircraft carrier, accompanied by fighter jets and gunboats, steamed toward the region in a show of support for Israel’s war effort as the United States offered unwavering support. The dead included at least 73 soldiers, including top officers, and 34 police officers. Strategic Affairs Minister Ron Dermer said he understood the actual death toll to be significantly higher. “There will probably be more hundreds, several hundred more,” he said. As remains of the dead were recovered and taken for identification, desperate parents were among those who lined up at a missing person’s center that was set up near Ben Gurion Airport on Saturday evening. Relatives were told to bring items such as toothbrushes that could contain DNA. The number of wounded also continued to tick upward throughout the day. The Health Ministry said late Sunday that 2,382 people were treated at hospitals, including 22 people in critical condition and hundreds more also fighting for their lives. Ongoing threat of rockets, gunmen. Alongside the invasion, carried out by terrorists in convoys of pickup trucks and motorbikes as well as speedboats and motorized gliders, Gazan terrorists fired thousands of rockets at Israel, hitting homes in Tel Aviv and elsewhere. Sunday saw the rocket fire largely subside, with sporadic barrages targeting areas closer to the Gaza Strip throughout the day. Moments before midnight, however, a large bombardment targeted areas as far north as Rishon Lezion and Rehovot, some 50 kilometers (30 miles) from Gaza. While many rockets were downed by the Iron Dome anti-missile system, direct hits were recorded on homes and inside populated areas including in Netivot, Ashkelon and Sderot. In Ashkelon, one rocket hit a home, moderately wounding an eight-year-old boy. The military said it was evacuating civilians from towns adjacent to the border with the Gaza Strip, while searching the area for terrorists still in Israeli territory. The towns include Nahal Oz, Erez, Nir Am, Mefalsim, Kfar Aza, Gevim, Or Haner, Ibim, Netiv Ha’asara, Yad Mordechai, Karmia, Zikim, Kerem Shalom, Kissufim, Holit, Sufa, Nirim, Nir Oz, Ein Hashlosha, Nir Yitzhak, Be’eri, Magen, Re’im, Sa’ad, and Alumim. “Further evacuations will be carried out according to the assessment of the situation,” the IDF said. Fears that terrorists could still be roaming free throughout the country remained rampant, keeping much of the country on edge. Police said they had “neutralized” a car with Palestinian terrorists on the Route 4 highway as it sped northward from Gaza, before veering off into a field near Ashkelon. But later reports indicated that the driver had been an Israeli and the chase a tragic case of mistaken identity. In Sderot, where terrorists managed to overrun a police station Saturday, a resident riding an all-terrain vehicle was shot and wounded by Israeli forces after refusing to halt, the municipality said. Distraught families demand information. The ongoing fighting and informational fog compounded tough questions about the various failures that had allowed Gazan terrorists to carry out the onslaught seemingly unimpeded. Relatives of those missing or thought kidnapped or killed said they felt abandoned by authorities, with many saying they had yet to be contacted by officials at all. The current situation is “unbelievable… it’s impossible to understand. We are demanding this government give us answers. We know they won’t all be happy answers,” Uri David, whose two daughters are missing, said at a press conference called by relatives seeking answers. That sense of chaotic and lackluster management of the disaster was a widespread sentiment on Saturday, when numerous besieged residents in overrun communities made urgent whispered pleas for help in phone calls to loved ones and authorities, begging for rescue that in many cases did not arrive for long hours, as the army struggled to mount a response. The scenes of chaos and suffering and the prolonged failure to gain control of the situation have shocked and outraged the nation, and sparked demands for answers on the many failures of intelligence, deployment, and policy that had allowed such a national catastrophe to occur. Social media was filled with horrifying videos of men, women and children being carried into the Strip, many of them appearing to have been abused. There were also videos published of dead Israelis taken, including soldiers, the bodies of some of whom were paraded in the streets. The Israel Defense Forces said it had established a situation room to focus on putting together accurate information regarding the Israeli hostages, with Hamas and Islamic Jihad claiming to be holding at least 130 people. The IDF said the team will compile a “situational picture” for locating the captives, both soldiers and civilians. “Amid all the complexity and uncertainty, it is necessary to issue reliable messages as quickly as possible. Some families have already received messages about their loved ones,” the IDF said. And the government announced Sunday that Gal Hirsch, a reservist brigadier-general who commanded the 91st Division in the 2006 Second Lebanon War, would be its point man on missing and kidnapped citizens. An Egyptian official said Israel had sought help from Cairo to ensure the safety of the hostages, and that Egypt’s intelligence chief had contacted Hamas and the smaller but more radical Palestinian Islamic Jihad group, which also took part in the incursion, to seek information. Egypt has often mediated between the two sides in the past. However, both Israel and Hamas denied that talks over the hostages were taking place. “Right now, we are fighting terrorists on Israeli territory. We’re not involved in any talks about the hostages right now,” an official told The Times of Israel. The existence of Israeli hostages in Gaza likely complicated Israeli plans for a widescale counterassault on Gaza. Nonetheless, Israeli jets pounded Hamas and Islamic Jihad positions throughout the Strip, intensifying its air campaign a day after Netanyahu vowed on Saturday to “avenge this black day.” Duped by Hamas. A source close to Hamas told Reuters Sunday night that the terror organization had conducted a years-long campaign to fool Israel into thinking the group did not desire armed conflict and could be placated with economic incentives to maintain relative calm. “Hamas gave Israel the impression that it was not ready for a fight,” the source told the agency. “Hamas used an unprecedented intelligence tactic to mislead Israel over the last months, by giving a public impression that it was not willing to go into a fight or confrontation with Israel while preparing for this massive operation.” He said that as part of its preparations, the terror organization built a mock Israeli community to train in. “Israel surely saw them but they were convinced that Hamas wasn’t keen on getting into a confrontation,” he said. “Hamas was able to build a whole image that it was not ready for a military adventure against Israel,” the source added. Former national security adviser Yaakov Amidror told Reuters that some countries allied with the Jewish state had bought into the lie, telling Jerusalem that Hamas was showing “more responsibility.” “We stupidly began to believe that it was true,” he said. “So, we made a mistake. We are not going to make this mistake again and we will destroy Hamas, slowly but surely.” A state of war. Sites targeted by Israeli Air Force fighter jets and drones Sunday included headquarters used by the terror groups to manage the fighting. The Israeli Navy also foiled attempts by terrorists to infiltrate into Israel via the sea, killing dozens of terrorists. A number of foreign nationals and dual citizens were among those feared kidnapped or killed, including victims from the US, UK, France, Germany, Thailand, Mexico, Nepal and elsewhere. A day after announcing that Israel would carry out a broad retaliatory campaign in Gaza, Prime Minister Benjamin Netanyahu was largely silent on Sunday. His office announced Sunday afternoon that ministers had approved formally declaring war the night before, and shortly afterward the IDF announced that it was intensifying strikes on Gaza. The Hamas-run health ministry in the Gaza Strip said 436 Palestinians had been killed and another 2,300 had been wounded in the Gaza Strip. Israel said it killed at least 425 Palestinian terrorists in Gaza and hundreds more in Israeli territory. Another 11 Palestinians were reported killed in West Bank unrest, though there was little information about those clashes, with efforts mainly concentrated in the south. Late Sunday, the IDF said an elite naval commando unit had captured the deputy commander of the southern division of the Hamas naval force in Gaza, Muhammad Abu Ghali. In the north, a brief flare-up with the Hezbollah terror group that saw mortar fire on border areas was swiftly extinguished. But it brought with it fears of a wider conflagration, and Defense Minister Yoav Gallant ordered that plans be drawn up for a possible evacuation of northern towns should the Iranian proxy group get involved. The military was engaged in a mass call-up of hundreds of thousands of reserve soldiers amid preparations for what leaders promised would be an unprecedented military response, with many forces diverted toward the south and also in the north. Israel was receiving broad support from Western governments and leaders, many of whom condemned the Hamas assault and the targeting and systematic abduction of civilians. "
The Times of Israel,"28 October 2023,","Amid concern for humanitarian situation, how much water and power does Gaza have?  ",Humanitarian,https://www.timesofisrael.com/amid-concern-for-humanitarian-situation-how-much-water-and-power-does-gaza-have/,"Israel has severely reduced water supply to Strip and halted provision of all electricity and fuel, but maintains there is enough water and power to prevent a humanitarian crisis. Israel’s military campaign against Hamas in Gaza following the terror group’s October 7 massacres has been accompanied by extremely tight restrictions on the entry of food, fuel, water and other humanitarian supplies to the coastal enclave. On October 9, Defense Minister Yoav Gallant stated that he had ordered “a complete siege” on Gaza and that there would “be no electricity, no food, no fuel,” entering the territory, while Energy Minister Yisrael Katz said he instructed the water authority to cut off Israel’s water supply to the Strip on the same day. But the provision of some supplies, including water, has resumed to a limited extent, following heavy international pressure — particularly from the Biden administration — amid concerns voiced by the UN and international NGOs that a humanitarian crisis could develop in Gaza. Katz said on October 15 that water supplies would be resumed to the southern Gaza Strip, while over 80 trucks carrying humanitarian aid, including food, water and medicine, have been allowed to enter the territory since October 21, through the Rafah crossing from Egypt into Gaza. The supply of water and electricity are considered critical for preventing a humanitarian crisis in Gaza, so what is the current status of those two necessities in the Hamas-controlled territory? Water. Before October 7, Israel supplied the Gaza Strip with 18 million cubic meters (18 billion liters) of potable water a year through three water pipelines, some nine percent of the enclave’s annual use. Gaza itself produced the remainder, some 200 million cubic meters of water per year, with the water pumped from the Coastal Aquifer lying underneath the Strip and Israel’s coastal plain, or desalinated. The water pumped from the aquifer — approximately 79 percent of the water produced in Gaza, according to Dr. Elai Rettig of Bar Ilan University’s Political Science Department — is not fit for drinking due to its high salinity. The aquifer has been contaminated with seawater due to poor management practices and is therefore purified in six water treatment facilities in Gaza. The water treatment facilities usually rely on electricity from the main Gaza electricity grid to power their operations, but also have backup diesel generators. At least one of the three major desalination plants in Gaza, the EU-funded Southern Gaza Desalination Plant, also has solar panels which provide power to operate the plant. Following the resumption of some water supply to the southern Gaza strip, the United Nations Office for the Coordination of Humanitarian Affairs (OCHA) reported on Tuesday (October 24) that some 200 cubic meters (200,000 liters) per hour was being supplied through the southern water pipeline, down from 600 cubic meters per hour in the pre-war period. On Wednesday, OCHA reported that the supply rate had increased to 600 cubic meters (600,000 liters) per hour. That would equate to 14,400,000 liters a day, or a third of the total pre-war supply. Gaza has a population of approximately 2.1 million people, meaning that the current amount of piped water from Israel equates to 6.8 liters of water per person, per day. The World Health Organization (WHO) says that between 50 to 100 liters of water are needed per capita each day to ensure that basic needs are met. The figure includes water for cleaning homes and washing clothes. The WHO states however that 15 liters of water per person, per day could suffice in emergencies, and even as little as 7.5 liters per person at the beginning of an emergency period could be enough for the most basic needs of drinking, cooking and basic hygiene requirements. In addition to the piped water, OCHA stated on Tuesday that a desalination plant in Khan Younis, one of three major desalination plants in Gaza, had restarted operations at 7 percent capacity on October 21, after the UNRWA agency “managed to coordinate the retrieval and distribution of fuel from one of its storage facilities in Gaza.” And on Wednesday, OCHA said another desalination plant resumed “limited operations” the day before, and that together with the Khan Younis facility were producing 4,000 cubic meters (four million liters) of water a day. UNICEF also provided “small quantities of fuel they had retrieved from their own reserves within Gaza” to deliver to “key water facilities” providing those connected to the water network with 30 liters of water per person, per day, OCHA said. The organization claimed however that fuel supplies to power these facilities would run out by Thursday. Some 120 water wells and 20 pumping stations, which also received limited amounts of fuel, are also in operation, OCHA said. In addition, five trucks containing 40,000 liters of water, 4,500 family hygiene kits, and 12 community water storage tanks acquired by UNICEF, entered Gaza from Egypt on October 24. OCHA has said however that Gazan residents have been consuming water with over 3,000 milligrams per liter of salt content from agricultural wells. Such water would be defined as moderately saline according to the US Geological Survey, and poses health risks such as increased hypertension levels, especially for vulnerable population groups such as young babies and pregnant women. Rettig said that the use of such water for drinking could lead to outbreaks of cholera and other water-borne diseases. He added however that it was impossible to know the exact situation of water and electricity supply in Gaza, since Hamas governs the territory and controls information on such issues. The IDF insists however that there is currently no humanitarian crisis in Gaza and that it is closely monitoring the situation. A spokesman for UNICEF, which is deeply involved in the daily provision of water to Gaza’s population, declined several requests for information on the operational status of Gaza’s water treatment facilities and desalination plants. Electricity and fuel. For Gaza’s electric supply, before the war, Israel provided 50 percent of the territory’s needs through ten electricity lines. Israel shut off electricity to Gaza on October 11 and has not resumed the supply. A diesel-fueled power station normally provides another 25 percent of Gaza’s supply, while solar panels and private generators make up the remainder. The power station is not working at present according to OCHA, meaning the Hamas-run enclave is essentially operating on less than 25 percent of its estimated pre-war supply. In peacetime, Gaza gets some 25 percent of its daytime electricity supply from solar panels, according to Rettig, a resource that is obviously still available. But even before the war, the supply of electricity in Gaza was extremely patchy, with an average of only 13 hours a day according to OCHA, which Rettig attributed to the Hamas government’s failure to adequately maintain the grid. On Tuesday, UNRWA warned it would run out of fuel by Wednesday, before noting a day later that new fuel supplies had been secured, although it said these would run out by Thursday. Israel has insisted that it is not responsible for the provision of energy to the enemy enclave and that Hamas has stockpiled fuel to enable it to operate its tunnel network and run its war machine against the Jewish state. IDF spokesperson Jonathan Conricus told the BBC on Thursday that Hamas has stockpiled between 850,000 to one million liters of fuel, which could be used for diesel-powered generators to operate water facilities or power hospitals. Conricus also pointed out in a briefing earlier on Thursday that foreign media outlets have been reporting since at least October 16 that Gaza was set to run out of fuel, electricity and water within 24 hours, a situation that has yet to transpire. The IDF spokesman insisted the amount of fuel amassed by Hamas is sufficient to pump water and operate hospitals for “many days,” and also noted a statement from UNRWA itself on October 16 that Hamas officials from the Gaza health ministry stole fuel and medical equipment from its Gaza City compound. UNRWA subsequently deleted the statement and claimed nothing was looted. On Tuesday, the IDF published pictures of what it said were Hamas-controlled fuel tanks in Gaza, claiming they contained “half a million liters of diesel.” Gaza’s hospitals. Numerous hospitals in Gaza have installed solar power panels with battery systems and also have backup diesel generators, to ensure an ongoing electricity supply for sensitive departments such as intensive care and neonatal units. However, those batteries are likely designed to manage the transfer from solar power to generator power after sunset for a couple of hours, rather than provide electricity throughout the night, Rettig said. Only 23 of Gaza’s 35 hospitals are currently functioning, according to the WHO’s emergency situation report on October 23, with bed occupancy above 100 percent in the seven major hospitals. The other 12 hospitals have closed due to damage from Israeli airstrikes and fuel shortages, a WHO official said. The official said that 1,000 patients in the territory are currently dependent on dialysis machines, along with 130 premature babies who need a range of care, and intensive care patients or those requiring surgery “who depend on a stable and uninterrupted supply of electricity to stay alive.” “WHO reiterates its call for safe passage for the delivery of health supplies and fuel throughout the Gaza Strip,” the official said. In response to a post on X by UNRWA on Tuesday saying it would have to shut down operations on Wednesday night due to a lack of fuel, the official IDF account reposted the comment with a picture of the Gaza fuel tanks it had drawn attention to, adding “Ask Hamas if you can have some.” But Rettig said that eventually he believed Israel would have to supply diesel to avoid a humanitarian crisis in the hospitals. “You can say Hamas needs to provide diesel, but they won’t, so Israel will have to do so to avoid a crisis, you don’t want hospitals to run out of electricity,” he said.  "
The Times of Israel,"24 October 2023,",Israel demands UN chief resign after he says Hamas attacks ‘did not occur in vacuum’ ,International Response,https://www.timesofisrael.com/israel-livid-after-un-chief-says-hamas-attacks-did-not-occur-in-vacuum/,"Israeli envoy slams remarks from Guterres at Security Council as justification for terror, as FM cancels meeting with him; Gantz calls him a ‘terror apologist’  Israeli officials railed at UN Secretary-General Antonio Guterres Tuesday after he appeared to suggest the impetus for the Hamas terror group’s devastating October 7 attack on Israel was the Jewish state’s continued control of Palestinian territories, with the Israeli Ambassador to the UN demanding that he resign. “It is important to also recognize the attacks by Hamas did not happen in a vacuum,” Guterres said at a UN Security Council meeting on the Israel-Hamas war, which erupted when the terror group ravaged Israeli border communities, killing some 1,400 people, the vast majority of them civilians. “The Palestinian people have been subjected to 56 years of suffocating occupation. They have seen their land steadily devoured by settlements and plagued by violence; their economy stifled; their people displaced and their homes demolished. Their hopes for a political solution to their plight have been vanishing,” Guterres said. Israel evacuated all settlements and military forces from the Gaza Strip under the 2005 Disengagement. It has maintained a tight blockade of the territory since Hamas took control in 2007, as has Egypt, with Jerusalem saying it must do so to limit the terror group’s ability to arm itself for attacks. In the West Bank, settlements have expanded under consecutive governments with Prime Minister Benjamin Netanyahu repeatedly arguing the internationally recognized Palestinian Authority is not a partner for peace, having rejected several offers in the past. Guterres added that “the grievances of the Palestinian people cannot justify the appalling attacks by Hamas. And those appalling attacks cannot justify the collective punishment of the Palestinian people,” an apparent reference to Israel’s ongoing campaign of airstrikes in the Gaza Strip that Hamas officials say has killed thousands. Israel was outraged by Guterres’s comments. UN envoy Gilad Erdan called them “shocking,” and demanded that the secretary general resign. Foreign Minister Eli Cohen canceled a meeting with Guterres, and Minister Benny Gantz labeled the UN chief a “terror apologist.” “The UN Secretary-General, who shows understanding for the campaign of mass murder of children, women, and the elderly, is not fit to lead the UN. I call on him to resign immediately,” Erdan posted on X. “There is no justification or point in talking to those who show compassion for the most terrible atrocities committed against the citizens of Israel and the Jewish people. There are simply no words.” Erdan said the remarks were “horrible,” and “completely disconnected from the reality in our region.” “It’s sad that a person with such views is the head of an organization that arose after the Holocaust,” he said. “It’s really unfathomable.” Foreign Minister Cohen, who had traveled to New York to take part in the meetings on the war, posted to X (formerly Twitter) that he was canceling a planned meeting with Guterres. After what happened on October 7, he wrote, “there is no place for an even-handed approach. Hamas needs to be wiped off the face of the earth.” Gantz, who recently joined the government as a member of the narrow war cabinet overseeing the war effort, also had harsh words, posting to X: “Dark are the days when the United Nations Secretary-General condones terror.” “Absolutely nothing can justify the slaughter of innocent civilians,” he wrote. “Now is the time to stand on the right side of history, or be judged by it. Terror apologists cannot speak on behalf of the world.” On October 7, Hamas abruptly bombarded Israel with thousands of rockets while over 2,500 gunmen breached the border with the Gaza Strip. The terrorists rampaged murderously through southern areas slaughtering those they found, butchering entire families in some communities and also killing 260 at an outdoor music festival. Some victims were mutilated, raped, and tortured. Dozens of babies were killed. Before the IDF could counter the invasion, over 220 people of all ages were abducted and dragged back to Gaza as captives. Four have since been released. Israel has responded to the Hamas assault by vowing to destroy the terror group and launching intensive strikes in Gaza, saying it is hitting terror targets while trying to avoid civilian casualties. It has told over one million Gaza residents to evacuate the northern part of the Strip ahead of an expected ground incursion. The Hamas-controlled Health Ministry says the strikes have killed over 5,700 Palestinians so far. Those numbers cannot be independently verified and are believed to include Hamas’s own members, as well as civilians killed by misfired Palestinian rockets. The Security Council session brought together top diplomats including US Secretary of State Antony Blinken, who has previously rejected calls for a ceasefire, saying it would only allow Hamas to regroup. Guterres said he was “deeply concerned about the clear violations of international humanitarian law that we are witnessing in Gaza. Let me be clear: No party to an armed conflict is above international humanitarian law.” “The relentless bombardment of Gaza by Israeli forces, the level of civilian casualties, and the wholesale destruction of neighborhoods continue to mount and are deeply alarming,” he said. Noting that he had previously “condemned unequivocally the horrifying and unprecedented… acts of terror by Hamas,” Guterres called for all the hostages to be treated humanely and “released immediately and without conditions.” Along with its military campaign, Israel has also imposed a near-total blockade of Gaza, though some humanitarian aid has been permitted to enter from Egypt in recent days under a US-brokered deal. “But [that] is a drop of aid in an ocean of need,” Guterres said and cautioned that if Gaza runs out of fuel it will be a “disaster.” He warned the conflict “risks spiraling throughout the region” and appealed for “an immediate humanitarian ceasefire” while urging an eventual two-state solution that would see a Palestinian state created alongside Israel. Cohen, the foreign minister, also attended the Security Council meeting, bringing with him family members of some of those held captive in Gaza. Addressing the forum, he warned that if the UN does not back the drive to eradicate Hamas, it will face its “darkest hour” on Guterres’s watch. Meanwhile, the UN on Tuesday called for improved coordination among humanitarian groups to make sure the small amount of aid now moving into the Strip contained only the most needed items. UNRWA, the UN agency for Palestinian refugees, said that some of the food delivered into Gaza so far, such as rice and lentils, had been impractical given the dwindling availability of fresh water and fuel. “An additional challenge in a very limited flow of supplies is that we are not really receiving the most needed supplies for Gaza, or the most relevant,” UNRWA spokeswoman Tamara Alrifai said. “In one of the shipments over the last couple of days, we received boxes of rice and lentils,” she told journalists at the UN in Geneva via video link from the Jordanian capital Amman, where UNRWA has its headquarters. “But for people to cook lentils and rice, they need water and gas. And therefore these kinds of supplies — while very generous and well-intended — are not very usable right now,” she said. Alrifai added that before October 7, around 500 trucks a day were entering Gaza from Israel and Egypt, with a mixture of commercial goods, food, aid and fuel. But only a few dozen trucks carrying food, medicine, and water have entered Gaza via the southern border with Egypt since a deal entered into effect on Saturday. “We will need to get better as a consortium of humanitarians in sending very explicit lists of what is most needed,” Alrifai said. Fuel concerns. The UN has warned that more hospitals and other vital services in the Palestinian territory risked shutting down without fuel deliveries. Israel worries that Hamas would use fuel brought into Gaza to manufacture weapons and explosives. The IDF also said Tuesday that Hamas is holding at least half a million liters of fuel for its military purposes, withholding it from hospitals. Alrifai said fuel crossings into Gaza could be logistically handled by UNRWA, which was obliged to report any misuse. “When we at UNRWA receive fuel or any other equipment, we are accountable for its handling. A couple of close donors, close countries did raise the security question… we are obligated to report to them any misuse that we see, or any risk,” she said. Alrifai said UNRWA had in place a “very sturdy diligence system to make sure that everything we receive is only used for humanitarian purposes.” Israel has often accused UNRWA of failing to report Hamas misdeeds, essentially enabling the terror group to operate freely within Gaza’s civilian population. Medical aid. Meanwhile, the World Health Organization (WHO) said it had been unable to distribute any life-saving health supplies from the truck convoys to major hospitals in northern Gaza, because of a lack of security guarantees. It said the main Al-Shifa hospital in the north now had three patients for every two beds. “In addition to the hospitals that have had to close due to damage and attacks, six hospitals across the Gaza Strip have already shut down due to lack of fuel,” the WHO said in a statement. Medical supplies have been delivered to four hospitals in southern Gaza and medics “took boxes of supplies off the trucks and straight into operating theaters, where doctors have been performing surgeries without anesthesia or other basic surgical supplies,” the agency said.  "
The Times of Israel,22 October 2023,"About 200,000 Israelis internally displaced amid ongoing Gaza war, tensions in north  ",Humanitarian,https://www.timesofisrael.com/about-200000-israelis-internally-displaced-amid-ongoing-gaza-war-tensions-in-north/,"Hotels are near capacity as government orders evacuations of dozens of communities near Hamas-run Strip, Lebanon border. Some 200,000 Israelis have been internally displaced in the ongoing Israel-Hamas following the terror group’s October 7 massacre in southern Israel, and amid escalating skirmishes on the Lebanon border in the north with terror group Hezbollah and allied Palestinian factions, according to Israeli authorities. About half of the 200,000 were instructed to evacuate from 105 communities near the Gaza and Lebanon borders in the south and north, while half left areas close to the front of their own volition, a spokesperson for the Prime Minister’s Office said Sunday. The Defense Ministry, through its National Emergency Management Authority (NEMA), said it was giving services to about 120,000 displaced Israelis ordered to evacuate from 25 communities up to four kilometers from the Gaza Strip, and from another 28 communities up to two kilometers from the Lebanon border, according to a Defense Ministry announcement. According to ministry officials, the numbers are broken down into two main categories: people who have been fully evacuated from their homes, and people who are eligible “to rest and refresh themselves” at state-subsidized guesthouses temporarily. NEMA has also been working to evacuate some 23,000 Israelis from the northern city of Kiryat Shmona in recent days amid an uptick in attacks on the northern border. NEMA announced Sunday morning that it would evacuate another 14 towns near the Lebanon border, comprising another 11,000 residents. Separately, some 36,000 residents of Sderot and 18,000 Israelis living in 29 towns between four and seven kilometers from Gaza are eligible to go and “rest and refresh themselves” for a week at state-subsidized guesthouses. The state will be responsible for these Israelis until the military allows them to return to what is now a closed military zone near the Gaza border and a restricted area near Lebanon. Ministry officials said not all of those living in those areas have taken the opportunity to leave at this stage. Additionally, many Israelis have evacuated their homes near the northern and southern borders, despite not being ordered to, according to the ministry. Meanwhile, hotel rooms across the country are limited in number and chaos has been registered in the evacuation plan as it gets underway, according to Hebrew media reports. According to Ynet, there are currently some 56,000 hotel rooms that meet the criteria for hosting people and families displaced by the war, as many hotels are closed and some are not suitable for hosting during wartime. The Israel Hotels Association (IHA) said the supply of available rooms was running out and that the organization was “scrambling for free rooms all over the country in accordance with the government’s requirements.” The IHA said an operation center launched together with the Tourism Ministry, which works closely with the hospitality industry, was working “24/7 and responds to all government requests,” adding that “this is a challenging period,” according to a statement cited by Ynet. Two of Israel’s largest hotel chains, Isrotel and Fattal, said they have worked since the beginning of the war to accommodate government requests to host displaced Israelis. Also Sunday, the Welfare Ministry said that at least 21 children in 13 families have been left with no parents after they were murdered by terrorists during the Hamas onslaught. One of them is a 4-year-old girl held hostage in Gaza. Another young girl’s mother was murdered and her father is being held captive, the ministry said. Social workers with the ministry are working to identify all such children and provide them and their guardians with all the resources necessary, the ministry added. Israel is more than two weeks into a war with Hamas after the Iran-backed terror group’s murderous assault on the country on October 7, in which some 2,500 terrorists streamed into Israel by land, sea, and air, killing some 1,400 people, mostly civilians, and injuring thousands more. The terror group and other factions dragged over 200 hostages of all ages into Gaza. Israel says its campaign in Gaza is aimed at destroying Hamas’s infrastructure, and has vowed to eliminate the entire terror group, which rules the Strip. It says it is targeting all areas where Hamas operates, while seeking to minimize civilian casualties. In the north, Hamas ally Hezbollah, also an Iranian proxy, has fired dozens of anti-tank guided missiles, rockets, and mortars at Israeli military positions and Israeli towns since the October 7 Hamas onslaught, while also sending gunmen — some affiliated with Palestinian terror groups — to infiltrate into northern Israel. Several drones have also been intercepted over northern Israel. Prime Minister Benjamin Netanyahu warned Hezbollah on Sunday that it would be “making the mistake of its life” if it decided to enter the war.   "
The Times of Israel,"28 October 2023,","If ground invasion comes, combat in Gaza’s cities will be a bloody grind  ",Israeli Response,https://www.timesofisrael.com/if-ground-invasion-comes-combat-in-gazas-cities-will-be-a-bloody-grind/,"Urban warfare offers endless advantages to the defender, and comes at a massive cost to both soldiers and civilians, but the IDF might have no choice. Three weeks into Israel’s campaign to destroy Hamas, most IDF ground forces continue to sit on the Gaza border, making do with relatively limited overnight raids. There are several theories explaining the delay to the major invasion that Israel’s leaders promise will happen. Many point to American pressure, especially US President Joe Biden’s desire to see the IDF pursue something other than a major ground offensive. In the event that Israel does finally push into Gaza with tanks and infantry, US officers — including a three-star Marine general — are in Israel to share lessons from their combat against the Islamic State in dense cities like Mosul and Raqqa. Urban combat in the Gaza Strip, if it happens, is sure to be bloody, slow and complex. It will pose some unique challenges, and some that are common to all battles in crowded cities. The nature of the environment will offer Hamas a number of meaningful advantages that the IDF will have to contend with as it moves through the remains of Gaza City and its environs. Whether Prime Minister Benjamin Netanyahu wants to send Israeli forces into such a hostile domain, and whether the IDF can overcome the challenge at an acceptable cost, remain to be seen. Equalizer. Urban warfare is often called “the great equalizer” — nullifying the advantages a modern army enjoys and forcing it into a relatively even fight against defenders with inferior numbers and capabilities. A professional force like the IDF is not truly built for urban combat. It is designed to conduct combined arms maneuver warfare, overwhelming an enemy by concentrating speed and mass at critical points. It is built to be mobile, quickly transferring forces to areas the enemy doesn’t anticipate to break through defenses and cause resistance to collapse. But in cities, a larger force has to break down into smaller units to move slowly through narrow streets, and cannot overwhelm defenders as they would in forests, fields or deserts. “The urban environment pushes the battle into a small space,” said John Spencer, chair of Urban Warfare Studies at the West Point’s Modern War Institute. “A big force has to weed itself down to a small force.” Defenders often seek to force attackers into prepared killing zones. In the 1993 Battle of Mogadishu, the 1994 Battle of Grozny and the 2008 Siege of Sadr City, the professional ground force was allowed in, then found themselves barricaded in by tires and and rubble behind them. They were funneled into ambush sites along roads packed with explosive devices. It’s true that modern militaries developed another significant advantage — the ability to see the enemy from great distances and strike them with precision. But the technological advantage a modern military enjoys over an organization like ISIS or Hamas are largely nullified in urban combat. Terrorists are hidden and protected by tunnels and buildings, and can only be engaged from up close. “You can’t stand off with your weapon systems and engage people,” explained Liam Collins, a career special forces officer who directs MWI. “Urban warfare is probably the most difficult terrain to fight on,” he continued, pointing at the “three-dimensional nature” of the threat. Enemy forces are not only in front of attackers, but can also threaten them from above by utilizing surrounding buildings. In the case of Hamas, they will also be beneath IDF forces, using their extensive tunnel network to emerge behind Israeli forces to strike, then disappear. “Surprise is hard,” Collins continued. “You don’t know where he is, he knows where you are, he takes the first shot.” Buildings, whether standing or destroyed, also constitute a defensive line of reinforced concrete that would take a Western military years to construct. On top of those challenges, cities are by their very definition inhabited by civilians. Even though Israel has been trying to get Gazans to move southward out of harm’s way, Hamas is blocking roads out. And in similar cases, around 10 percent of civilians generally stay put. In Gaza City, that would mean over 60,000 civilians in the battle space. “If you’re talking about a nation that’s trying to minimize collateral damage and minimize civilian deaths, it doesn’t really offer you a heck of a lot of advantages,” said Collins. Surprise is hard. You don’t know where he is, he knows where you are, he takes the first shot. What’s more, the accessibility of mass communications technology in the hands of enemy forces and civilians make it easy for terrorists like Hamas to affect public perception of the battle, often with strategic effects. In the 2004 First Battle of Fallujah, insurgents in the city prepared an extremely effective information campaign. They let sympathetic journalists into the city before the fighting started. Arab outlets like Al Jazeera “broadcasted constant stream of photos and videos of wounded civilians, including women and children,” according to a study by Spencer and Jayson Geroux. “American military and civilian leaders had initiated the operation without a cohesive information operation plan to counter the enemy narrative,” they wrote. “As a result, the Iraqi population, government leaders and many in the international community strongly and publicly opposed the operation.” US forces were forced to suspend the operation after only six days. Israel, Spencer said, is “actually doing more than what everyone else had done in recent battles of the past — with the evacuation, with the flyers, with not targeting valid military targets because of collateral damage.” But that isn’t necessarily what the world sees. “The war criminal combatant can use the ‘democratization of technology’ to warp the perception of what’s going on,” Spencer told The Times of Israel. Solutions. Despite the overwhelming scale of the challenge, there are tools in the IDF kit to overcome them, some based on lessons from other Western forces. The first rule is to isolate the battle, to control the flow of fighters and weapons in and out. In Sadr City, US forces embarked on Operation Gold Wall, quickly erecting a massive concrete barrier to keep enemy fighters isolated in their Baghdad stronghold. This will be rendered extremely challenging by Hamas’s tunnel network, but with time, the IDF can cut off pockets of resistance and then pound them into rubble. With its superior technology, the IDF enjoys an advantage at night. “That’s when they should be conducting most of their operations and their movements,” said Collins. They will also depend heavily on small drones and other robots to let them know what awaits them around corners and in buildings. “Don’t go into a room without knowing what’s in there,” Collins exhorted. “Don’t go into a room if you can send some asset in there without you going in there, an airborne asset, typically. Those are going to be a lot faster and easier to move.” If they encounter Hamas fighters holed up in a building, Spencer said, there is no reason to try to clear it by sending soldiers in. “If you know there’s an enemy in the building, you use all your resources to reduce that building. And that’s in line with international humanitarian law.” Up to 90 percent of buildings in urban battles are typically destroyed, he explained. “There’s no type of surgical operation in this type of contested urban warfare. “That is perfectly lawful despite the destruction that it caused and the risk for civilians,” concurred Collins. “If the enemy is putting themselves in a position and using human shields, unfortunately, that’s a brutal part of war.” Throughout, the IDF will have to find ways to continue to use combined arms maneuver — effectively utilizing infantry, armor, artillery, and especially engineering in concert — to fight a sequence of close-quarter battles. In 1973, at the end of the Yom Kippur War, the IDF learned the price of using its combat arms sequentially — and not in a close coordination — in the bloody urban Battle of Suez, which cost Israel 80 dead and 40 tanks destroyed. Lessons from Ukraine. Fighting in cities like Bakhmut, Sumy, Kherson, Mariupol and Kyiv, Ukrainian forces have developed expertise in urban combat since Russia invaded in February 2022. Colonel Victor Kevlyuk, a fellow at Kyiv’s Centre for Defence Strategies, told The Times of Israel that many of Ukraine’s lessons are applicable to the IDF. There should be two echelons storming a city, he said: a heavily armed assault force, and an isolation force to take control of areas cleared by the initial attack. The force should be prepared for bitter combat. “The assault echelon carries with it a double supply of hand grenades, disposable grenade launchers, jet flamethrowers, anti-tank missiles, MANPADS,” said Kevlyuk. “Combat medics in armored evacuation vehicles -wait at a distance of visual communication.” Never walk along streets — “yards, private buildings, holes in fences and walls are the way to victory” — and logistics and medical units must be close by, he explained. UAV operators are crucial, he said, and should always be with the commander of the assault force. Personal responsibility, always crucial in battle, is even more pressing here, Kelyuk insisted. ‘If you don’t have something in battle, it’s your fault,” he said. “Ballistic protection, a first-aid kit, a tourniquet, preferably two, are must-haves. When packing a backpack, an extra pack of cartridges is always better than a can of food. Everyone should clearly clarify their combat task, know who is acting to the right and left of you, how to contact the commander, combat medic and sapper.” Is time on Israel’s side? If Netanyahu and his war cabinet give the IDF the green light, the battle is sure to be difficult. And beyond all the tactical and informational challenges, Israeli leaders will have to contend with another confounding issue — time. “Time in the urban environment can lead to success or failure,” explained Spencer. Hamas’s goal will be to delay the IDF’s progress, dragging out the battle until international pressure, domestic politics, and or military necessity force Israel to call off the campaign while Hamas is still kicking. But moving too quickly will open IDF forces up to enemy ambushes; urban warfare is by its nature a slow grind. Hamas has prepared for this fight for years, but so has Israel. It will be a test of skill, technology, tactics and leadership, but like all wars, it will be primarily a test of willpower.  "
The Times of Israel,15 October 2023,Deadly violence surges in West Bank as war rages in Gaza region  ,Israeli Response,https://www.timesofisrael.com/deadly-violence-surges-in-west-bank-as-war-rages-in-gaza-region/,"IDF reports at least 10 attempted terror attacks in area since Hamas launched devastating assault; PA says 55 West Bank Palestinians killed in clashes, raids over past week. While the world is focused on the war in Gaza since the Hamas terror group’s devastating assault on Israel, tensions have risen in the West Bank, where 55 Palestinians were killed over the past week in clashes with Israeli troops, arrest raids and attacks by Jewish settlers, according to the Palestinian Authority’s health ministry. UN monitors said it was the deadliest week for Palestinians in the West Bank since at least 2005. Since Hamas’s mass incursion into southern Israel, in which terrorists burst across the border into Israel from the Gaza Strip by land, air and sea, killing over 1,300 people, and abducting some 150-200 hostages of all ages, Israeli forces have held the West Bank under a tight grip, closing crossings into the territory and checkpoints between cities, measures they say are aimed at preventing attacks. The vast majority of those killed on October 7 as the Hamas gunmen seized Israeli border communities were civilians — men, women, children and the elderly. Entire families were executed in their homes, and over 260 were slaughtered at an outdoor festival, many amid horrific acts of brutality by the terrorists, in what US President Joe Biden has highlighted as “the worst massacre of the Jewish people since the Holocaust.” There have been several clashes between IDF forces and Palestinians in the West Bank in the days since, with the army reporting at least 10 attempted terror attacks. Friday was a particularly deadly day, with 16 Palestinians killed in different incidents in the West Bank, according to PA figures. Police said four of those were shot and killed by officers after setting off explosive devices in an apparent attempt to breach the West Bank security barrier. The military said Sunday it had arrested 330 people in raids across the West Bank, including 190 affiliated with Hamas, since last weekend’s attack. It said 33 Hamas members alone were arrested in raids overnight Saturday. The renewed crackdown comes as Israel is concerned about the conflict escalating into a multi-front war, particularly the possibility of Lebanon’s Iran-backed Hezbollah terror organization joining the battle. But Palestinians claim the latest Israeli measures in the West Bank have only further blurred the line between security forces and radical, violent settlers. Israel’s National Security Minister Itamar Ben-Gvir, a far-right settler with a long history of anti-Arab incitement, responded to the Hamas attack by distributing more weapons to the settler population and tasking settlers with security. In a statement after the Hamas massacres in southern Israel, he said his office was distributing 10,000 firearms, as well as combat gear, protective vests and helmets, to Israeli civilians — with a particular focus on residents of Jewish settlements in the West Bank. “We will change the world so that the settlements will be protected,” he said. “I have ordered the massive arming of the civilian standby units in order to protect the settlements and the cities.” On Friday, a video showed a settler with an assault rifle walking into the village of Al-Tuwani in the southern West Bank and shooting a Palestinian point blank. Two days earlier, the PA reported settlers shot dead three Palestinians in the village of Qusra, near the northern West Bank city of Nablus. On Thursday, settlers attacked their funeral, killing another two men, according to the PA health ministry. Video footage showed the settlers swerving their cars into the funeral procession before stopping and opening fire. On Thursday, settlers arrived at Wadi Seeq, a small Bedouin village home to around 200 people in the central West Bank, as Palestinians there packed up their belongings. They had already moved all of the women, children and livestock to a safer area in recent days because of rising threats, a resident of the village said. Witnesses said that the settlers opened fire, wounding three Palestinians and driving the rest out of the village. Abdelrahman Kaabni, the head of the Wadi Seeq village council, said that soldiers and police had taken part in the attack, beating and arresting residents. As the villagers of Wadi Seeq fled settler violence, they left behind cisterns, livestock, solar panels and two vehicles. “The settlers took everything, and now they’re squatting in our homes,” Kaabni said. Wadi Seeq is the sixth Bedouin village to have pulled up stakes in the last year in response to an uptick in settler attacks. Many more are in danger of being completely displaced, according to the West Bank Protection Consortium, a coalition of aid groups and donor countries, including the European Union, that support Palestinian communities. Neither COGAT, the Israeli defense body responsible for civilian affairs, nor the Israeli military responded to requests for comment. In the past, authorities have said troops only open fire in response to threats or to disperse violent protests and that soldiers protect Palestinians from settler attacks. The UN said last month that 1,100 Palestinians had been displaced by settler violence in the last year, an unprecedented figure. Over just the last few days, around 200 to 300 Palestinians have been displaced in Wadi Seeq and other areas, the consortium said — often by settlers who are armed. “They’re leaving now because they feel completely unprotected. They’re so scared of those settlers who have come in and threatened them,” said Allegra Pacheco, who heads the consortium. Most of the attacks come from settler outposts established without government authorization but protected by the Israeli army. Over 500,000 Jewish settlers live in nearly 150 settlements across the West Bank, which is home to some 2.5 million Palestinians. Most of the international community views settlements as illegal and a major obstacle to peace. Israel captured the West Bank, along with Gaza and East Jerusalem, in the 1967 Six Day War. The Palestinians want the territories for their future state. On Saturday, Israeli military spokesperson Rear Adm. Daniel Hagari appeared to be calling on settlers to stand down, saying: “The responsibility for security in the settlements and on the roads lies with the army alone.” But messages continued to circulate on WhatsApp groups that Jewish settlers have created since the start of the war to coordinate operations in the West Bank. A description of one chat group with over 800 participants told residents to prepare for “the possibility of mobilizing for a joint activity with the security forces for the immediate demolition of terrorist houses.” The message urged residents to “eliminate” any Palestinian approaching a settlement. “From the stories flowing in from the Gaza Strip, it is clear that we cannot rely on the army alone to be able to protect us in a time of chaos,” it read. “Are you ready for war?”"
The Times of Israel,30 October 2023,"UN says 33 aid trucks with water, food, medical supplies entered Gaza Sunday  ",Humanitarian,https://www.timesofisrael.com/un-says-33-aid-trucks-with-water-food-medical-supplies-entered-gaza-sunday/,"US official says Israel committed to allowing 100 aid trucks into Strip daily; OCHA warns ‘civil order’ starting to collapse in Hamas-controlled territory. More than 30 aid trucks entered Gaza on Sunday, the largest convoy to the territory since deliveries began trickling in again over a week ago, the UN said. A US government official, speaking on condition of anonymity, said Sunday that Israel was committed to allowing 100 aid trucks into Gaza daily — a figure the UN has said was needed to meet the most basic needs. Israel has not officially confirmed such an intention. The United Nations humanitarian organization OCHA said 33 trucks carrying water, food and medical supplies had gone into Gaza on Sunday through the Rafah border crossing with Egypt. “This is the largest delivery of humanitarian aid since 21 October, when limited deliveries resumed,” the Office for the Coordination of Humanitarian Affairs said in an update early Monday. To date, it said, 117 trucks had entered Gaza through the crossing since limited deliveries resumed to the territory of over 2 million people, which is facing an Israeli offensive aimed at destroying Hamas’s military and governance capabilities. Israel has vowed to eliminate the entire terror group, which rules the Strip. It says it is targeting all areas where Hamas operates, while seeking to minimize civilian casualties. Prior to the siege, some 500 trucks carrying aid and other goods would enter Gaza every day. The war erupted after Hamas’s October 7 massacre, which saw some 2,500 terrorists burst across the border into Israel from the Gaza Strip by land, air and sea, killing some 1,400 people and seizing over 240 hostages of all ages under the cover of a deluge of thousands of rockets fired at Israeli towns and cities. The vast majority of those killed as gunmen seized border communities were civilians — including babies, children and the elderly. Entire families were executed in their homes, and over 260 were slaughtered at an outdoor festival, many amid horrific acts of brutality by the terrorists. The Hamas-controlled health ministry in Gaza says that Israel’s strikes have since then killed more than 8,000 people, half of them children. These figures cannot be independently verified. The numbers are believed to include both civilians and Hamas members killed in Gaza, including as a consequence of terror groups’ own rocket misfires. UN chief Antonio Guterres voiced alarm Sunday that the Israel Defense Forces was intensifying operations in Gaza, warning that “the world is witnessing a humanitarian catastrophe.” Earlier, Guterres said he regretted that “instead of a critically needed humanitarian pause, supported by the international community, Israel has intensified its military operations.” “I urge all those with responsibility to step back from the brink,” Guterres added on a visit to Nepal’s capital Kathmandu. OCHA welcomed the latest aid deliveries, but stressed that “a much larger volume of aid is needed on a regular basis to prevent further deterioration in the dire humanitarian situation, including civil unrest.” “In particular, entry of fuel to operate medical equipment and water and sanitation facilities is urgently required.” Of the 117 trucks allowed in so far, it said, 70 had carried medical supplies and 60 of them brought in food and nutritional items. Only 13 carried water and sanitation supplies, it said. Also Sunday, Israel reopened the second of three pipelines via which it supplies water to Gaza. Also Sunday, the International Criminal Court’s chief prosecutor warned that blocking humanitarian aid from entering Gaza could constitute a crime. “Impeding relief supplies as provided by the Geneva Conventions may constitute a crime within the court jurisdiction,” Karim Khan told reporters in Cairo. He was speaking after a visit to Egypt’s Rafah crossing, where he said trucks full of desperately needed goods remained stuck and unable to cross into Gaza. “I saw trucks full of goods, full of humanitarian assistance stuck where nobody needs them, stuck in Egypt, stuck at Rafah,” he said. “These supplies must get to the civilians of Gaza without delay.” Rafah is the only entry point through which international aid is currently able to trickle into the Hamas-run territory. Khan said he wanted “to underline clearly to Israel that there must be discernible efforts without further delay to make sure civilians [in Gaza] receive basic food, medicines.” At the same time, the United Nations warned Sunday that “civil order” was starting to collapse in Gaza after thousands of people ransacked its food warehouses there, taking wheat, flour and other supplies. World leaders also jumped to stress the importance of managing the humanitarian situation in Gaza. While Israel has the right to defend itself, it must do so “in a manner consistent with international humanitarian law that prioritizes the protection of civilians,” US President Joe Biden told Prime Minister Benjamin Netanyahu in a phone call, the White House said. He spoke after his national security adviser, Jake Sullivan, told CNN that Israel “should be taking every possible means available to them to distinguish between Hamas — terrorists, who are legitimate military targets — and civilians, who are not.” Biden also spoke with Egyptian President Abdel Fattah el-Sissi, and the two leaders “committed to the significant acceleration and increase of assistance flowing into Gaza beginning today,” according to a readout from the White House. Britain’s Prime Minister Rishi Sunak and French President Emmanuel Macron “stressed the importance of getting urgent humanitarian support” during a phone conversation. The two leaders “agreed to work together on efforts both to get crucial food, fuel, water and medicine to those who need it, and to get foreign nationals out,” said a Downing Street spokesperson. On social media, Macron reiterated a call for a humanitarian truce. “17 tons of humanitarian freight have arrived in Egypt from France. We are continuing our efforts by air and sea… alongside Egypt and the Red Crescent,” he said.  "
The Times of Israel,25 October 2023,Public trust in government scrapes bottom amid criticism for inadequate war response  ,Israeli Response,https://www.timesofisrael.com/public-trust-in-government-scrapes-bottom-amid-criticism-for-inadequate-war-response/,"Though Israel now has one of its largest cabinets ever, few of its 39 ministers are serving the country’s wartime needs, with most power centralized in Netanyahu. Nineteen days into a war triggered by Hamas’s brutal October 7 terror attack on southern Israel, with the nation reeling from the horrific killings of some 1,400 people and abduction at least 224 more, and as the Israeli military prepares for a ground offensive in Gaza and potential escalation on the northern border, there is a new whisper of unity in Israeli society. From coffeeshops to the front lines, many Israelis say they are unified on two things: they are convinced of the need to uproot Hamas, and they do not trust their own government to oversee the process. That adds up to a deeply troubling, even terrifying scenario for the more than 350,000 reservists mobilized since the outbreak of war, the 150,000-180,000 standing army soldiers they are joining, and an Israeli society that will sacrifice to support them. In media interviews, in (limited) demonstrations and in private conversations, many voice a crisis of faith citing the compound catastrophic failures of both government and security chiefs: first, in not preventing Hamas’s terrible attack in the first place; second, in the unbearably slow response of the security forces to the atrocities, which left unarmed civilians to fend for themselves in the face of marauding killers for long hours; third, in the slow and clumsy reservist call-up process that exposed shocking shortages in basic military equipment; and finally in the government’s sluggish civil response in support of those displaced by the fighting. Such sentiments are backed up by numbers: New polling data shows that Israelis’ trust in government is at a 20-year low of 18%. Only 20.5% of Jewish Israelis and 7.5% of Arab Israelis polled by the Israel Democracy Institute in the aftermath of Hamas’s attack said they had trust in Prime Minister Benjamin Netanyahu’s cabinet. (In June, these populations polled at 28% and 18%, respectively.) Faith in the security forces and in the media, by contrast, has increased, despite the military’s central role in the failure. Jewish Israelis’ trust in the Israel Defense Forces rose by 2.5% to 87% and Arab Israeli trust similarly increased, by 2% to 23%. At least seven senior Israeli officials have publicly taken blame for the state’s failure to protect its citizens, including the IDF chief of staff, the defense minister, the head of the Shin Bet, and the head of the National Security Council. Former prime minister Naftali Bennett, who has been out of office for more than a year, has said he has a share of the blame. Notably missing is Netanyahu, who has also failed to interact with the public beyond videos, public appearances with visiting world leaders at which he does not take questions, and PR photo ops with the troops. But blame-taking is not Israelis’ biggest gripe. Rather, to many, the government has exacerbated its October 7 failure by inadequately responding to the aftermath. On Sunday, the mayor of the rocket-blasted city of Netivot, considered a traditional stronghold for Netanyahu’s Likud party, sent the prime minister a letter accusing the government of “abandoning” his municipality. It was the latest in a growing chorus of criticism that has cracked even Likud’s famously loyal base. It took Netanyahu a week to first visit attacked communities, and eight days to meet with families of Hamas’s hostages. The process for negotiating their release remains opaque, even after four were released by Hamas in recent days, with the terror group citing “humanitarian” considerations. Israel’s involvement in those releases is reported to have been minimal. At the same time, the coalition’s clumsy handling of hostages’ families has also received intense attention, with many relatives complaining they have had hardly any contact from government representatives. In the first chaotic days following the disaster, civil society and private individuals stepped into the vacuum, organizing open-source and cellphone-based tracking of missing family members, with hopes of finding clues as to their current or last-known whereabouts. With reports continuing to flow in about the Israel Defense Forces’ shortages of proper equipment to protect its reservists, Israelis and Diaspora Jews are filling the gap, pumping money, bulletproof vests and other needed supplies into the army units. On the civil front, the government’s anemic response to the immediate needs of what has now grown to over 200,000 internally displaced Israelis has been stop-gapped by volunteers arranging clothing, food, and basic necessities. Over 15,000 volunteers have gathered at a makeshift operations center in Tel Aviv, many of them organizing through the same civil society network that only weeks ago was directing its energies towards fighting the Netanyahu government’s judicial overhaul bid. With the outbreak of war, some of the loudest voices in that movement, such as the Brothers in Arms reservist protest, immediately shifted to organizing logistics for civil response. Before the government decided in recent days to shutter its flagging Public Diplomacy Ministry, the public body only recently established to communicate Israel’s narrative abroad, the ministry had failed to release any explanatory materials, and its minister quit six days into the war. Civil society again moved to plug the hole, with ad hoc operations rooms being formed to handle Israeli public relations and create content. A government that wasn’t built to function. The cabinet’s poor wartime response is a reflection of the fact that this government was built last December out of necessity, not desire, say coalition politicians behind closed doors. Determined to return to power, and having burned his centrist and moderate right-wing political alliances during the five election cycles Israel held within four years, Netanyahu allied his right-wing Likud party to two far-right and two ultra-Orthodox partners. Likud and its partners have called themselves natural allies, and have spoken about their union as an ideologically “full-on right-wing government.” But it was the most hardline coalition Netanyahu has ever led in his 16 years in Israel’s top job, and to manage it, he situated himself as a decision-making gatekeeper on top of committees and appointments. Netanyahu aimed to oversee Finance Minister Bezalel Smotrich’s second appointment as an independent minister in the Defense Ministry, to supervise Jewish supremacist Avi Maoz’s controversial role overseeing Jewish national identity, and to chair a new socioeconomic task force — a role he only relinquished to Smotrich after it was rebranded last week as a wartime economic force. Furthermore, Netanyahu broke apart and redistributed various departments of ministries and authorities, creating overlapping and illogical ministerial hierarchies and responsibilities. At the time of the government’s formation, a Likud adviser privately described it as a strategy that ultimately referred vast power back to the prime minister. Redistributing power. Nearly a week into the war, Netanyahu accepted an offer from centrist opposition figure Benny Gantz to bring his National Unity party into an emergency government. This move created a small war cabinet on which Gantz, a former IDF chief of staff and defense minister, now sits with Netanyahu and Defense Minister Yoav Gallant. This shifted influence away from Netanyahu’s broader security cabinet, a body that he has barely relied upon — reportedly, among other reasons, because he cannot trust far-right National Security Minister Itamar Ben Gvir to not leak details of its discussions. The security cabinet, by law, must include Israel’s finance and national security ministers, positions that Netanyahu awarded to far-right party heads Smotrich and Ben Gvir. Bringing Gantz into the government and creating the war cabinet further devolved power away from the broader, now 39-minister government and placed it in a small number of hands, among them Netanyahu’s. It also diluted the influence of far-right parties in the broader cabinet, by adding five new, portfolio-less ministers from Gantz’s National Unity who will be a counterweight to the six far-right ministers’ votes. However, even this cabinet is firmly under Netanyahu’s control, with Gantz reportedly prevented from holding independent meetings with military brass without Netanyahu’s approval. The situation echoes a previous, peacetime arrangement, whereby all cabinet members were told to hold off on traveling to the US to meet their counterparts until the White House thawed its cold shoulder and acquiesced to a summit between Netanyahu and President Joe Biden. This eventually happened on the sidelines of the United Nations General Assembly in September. Even within their spheres of interest, ministers are barely operating. Foreign Minister Eli Cohen, from Netanyahu’s own Likud party, has been largely silent in foreign media, and is not known to have made any trips abroad to solicit international support for Israel since war broke out until he appeared at the United Nations Security Council on Monday, day 18 of the war. In two months, Energy Minister Israel Katz is scheduled to rotate into this sensitive position, based on an arrangement designed to appease him when Israel’s 37th government was finalized last December. Ben Gvir has worked to arm civilian frontline defense organizations, but has also invested energy in politicking, demanding the broadening of the narrow war council created precisely to exclude his influence. Most cabinet members have been noticeably absent from the war effort, apart from taking intermittent trips to visit evacuated families, attend funerals, and tour the destruction of Israel’s south. On Monday, Hebrew daily Yedioth Ahronoth reported that three unidentified members of Netanyahu’s cabinet were considering resigning in response to the government and security establishment’s failure to prevent October 7, as well as its handling of the aftermath. Likud advisers dismissed the reports when queried by The Times of Israel. As finance minister, Smotrich is the most active minister outside the war cabinet, working on a plan to keep Israel’s economy moving during hostilities. He has, however, faced considerable criticism for not supplying solutions that will actually prop up the economy and its most vulnerable workers. On Monday, Economy Minister Nir Barkat told the Knesset committee debating Smotrich’s emergency plan that he had already warned Smotrich during a previous cabinet meeting that his plan was not good. “The Finance Ministry’s budget department time and time again thinks in a treasurer’s way and not in a business way,” Barkat told the Knesset’s Economic Committee. “The experience that the business sector has is greater than the experience of budget department personnel, who don’t even know how to issue an invoice,” Barkat quipped, saying that the plan does not answer business needs. The finance minister has also promised to reevaluate the budget in light of the war. However, an open question remains as to whether Smotrich will ultimately redistribute billions of shekels in frozen coalition funds to the war effort, diverting them away from mainly ultra-Orthodox special interests. Rather than directing money away from funding political promises, Hebrew media has reported, ministries might face another across-the-board shave in order to cover wartime priorities. Transportation Minister Miri Regev has at least liaised with Israeli airlines in order to increase flight frequency and to make evacuation flights from Turkey cheaper, after Israel upped its travel warning to its highest state of alert. The Knesset, in a marked change from peacetime, is an island of political tranquility. Getting over a quick reversion to political theater on its opening day last Monday, when the opening session was also interrupted by rocket alerts, cross-aisle politicians have agreed to limit the use of parliamentary tools to advancing wartime interests, rather than engage in political stunts. This agreement is in line with Netanyahu’s deal to bring Gantz into the government, whereby parliament would only focus on critical, emergency legislation unless approval is granted by both leaders. This, in turn, has sidelined coalition members’ ambitions to advance the judicial overhaul and to legislate sweeping military exemptions for Torah scholars.  "
The Times of Israel,"17 October 2023,","In Netivot, poverty compounds the problems of a battered border city  ",Humanitarian,https://www.timesofisrael.com/in-netivot-poverty-compounds-the-problems-of-a-battered-border-city/,"Thousands of the frontline city’s residents are riding out incessant Hamas artillery, citing faith, defiance — and lack of better options. Standing on rubble under the blackened façade of her apartment building in Netivot, Liora Touito watches neighbors load two suitcases into a car. The site took a rocket hit that killed three neighbors and torched Touito’s yard. The mother of four would have liked to join the stream of locals who have temporarily left this city of 35,000 residents situated only 11 kilometers (seven miles) from the Gaza border. But Touito is so strapped for cash that she can’t even accept the offers to host her for free courtesy of municipalities and private citizens who are putting up the temporarily displaced. “The 10th approaches,” she said on Sunday, referencing the date when her credit card bill is due. “I work at a supermarket, and I barely make ends meet as it is. If I don’t work, I can’t pay rent or feed the kids.” At least 1,300 Israelis have died in the ongoing hostilities with Hamas in Gaza, most of them during a shock incursion by some 1,500 terrorists who on October 7 murdered Israelis en masse, perpetrating atrocities that have shocked the world. Israel has unleashed its artillery and air force on Gaza, killing at least 2,000 people according to Palestinian sources, amid anticipation of a ground invasion to destroy Gaza’s Hamas rulers. Touito’s predicament is not uncommon for how the poverty of many in the battered cities of the western Negev has compounded their suffering during the region’s 22 years under threat from Gaza rockets. Yet these challenges have neither stopped the city’s growth nor broken many locals’ spirit and faith. The death of Touito’s neighbors – Raphael Fahimi, his son-in-law Netanel Maskelchi and Maskelchi’s 14-year-old son, Raphael Meir Maskelchi – may have had something to do with poverty, too, Touito says. “Because of thefts, many here keep butane tanks for cooking in their balconies instead of outside. The rocket ignited the butane. That’s what killed them,” said Touito, whose eldest daughter is suffering from PTSD. The building where the rocket hit has a shelter but it’s unusable because the residents have turned it into a storage place. “People have large families here and they store and hoard for years things like furniture and mattresses to avoid having to buy new,” Touito explains. “I want them to clear the shelter but they won’t listen to me.” Touito and her children sleep at her boyfriend’s home, which has a shelter. Netivot, where the average monthly salary of about NIS 9,500 ($2,380) is roughly 30% lower than the national figure, has some more affluent neighborhoods composed of semi-detached houses and modern apartment buildings. Unlike the projects in the city’s center, the fancier neighborhoods have emptied out, according to Aviel Zaguri, a 27-year-old father of four. People in richer neighborhoods tend to have relatives who can host them, cars to get to work with, or jobs they can do remotely. “It’s pretty empty in the nicer neighborhoods,” Zaguri said while standing in the city’s dusty center, which has been echoing for days with the thuds of ballistic launches on both sides of the Gaza border. Thousands of people from Sderot, Ofakim, Netivot, Ashkelon and beyond have left their homes amid the countless Hamas rocket attacks that have pummeled Israel over the past nine days, killing several people. Some Netivot residents say the city enjoys divine protection as it’s the burial place of Yoram Michael Abargel, a rabbi who died in 2015. He is revered by thousands of disciples who pray regularly at a synagogue in his memory built near his grave. Even now, it draws pilgrims and worshipers at all hours. So does the Netivot grave of Israel Abuhatzeira, better known as the Baba Sali, a Morocco-born rabbi whose followers say he performed miracles before his 1984 death. “Netivot could have easily had a situation like they had in Ofakim,” Yehuda Oshert, 57, said. He was referencing the slaying on October 7 of dozens of residents in a nearby city. “But the saintly sages confused the terrorists who wanted to enter Netivot and [protected] us,” Oshert, a father of three, added. Oshert and his wife are staying out of principle. “I’ve never folded, never left, never ceded an inch to those animals, and I’m not about to start now,” he said defiantly. Netivot, which is surrounded by kibbutzim and moshavim, underlines the juxtaposition of what some call “first and second Israel” — the predominantly Ashkenazi, cultural elite and the largely Sephardic, underprivileged urbanites. The divide extends to the religious and political realms, with “second Israel” being more devout than the other group and generally likelier to vote for right-wing, religious parties. The 10-month-long wave of protests against the right-wing government of Prime Minister Benjamin Netanyahu has accentuated those divides. But the terrorist attack of October 7 has “set aside” those differences, Oshert said, reflecting the mindset of many on both sides of the internal divide. “This is a sign that divided, we will fall,” he said. “When I pray at the gravesite [of Abargel] I pray for everyone: Tel Aviv folks, Netivot folks, even kibbutzniks,” he said with a wink, referencing the stereotype of the staunch secularism in that demographic. Yet the differences linger, and they are being revisited even as families from across Israel — first and second — bury their dead and prepare for a long and deadly war. Rachel Edery, a woman from Ofakim who became a national icon for how she used her instinct for hospitality to survive being taken hostage with her husband by five Hamas terrorists, verbalized what many have been thinking. “We were punished by God. They disrupted the prayers of Jews on Yom Kippur, like savages. So we got savagery paid back one hundred times over,” she told a neighbor, referencing a row over public Orthodox worship in Tel Aviv that had polarized Israeli society in the days leading up to the attack. Survivors on the other side of the political debate are also politicizing the tragedy. “Where are all the people who called us traitors?” Sofie Berzon MacKie, a survivor from Kibbutz Be’eri, an epicenter of the wholesale murder of Israelis during the Hamas terror onslaught, asked in an interview on Channel 12 on Wednesday. “We the leftists are the traitors?” she asked, repeating a frequent slur used against the anti-judicial overhaul protesters and leftists in general. “They are the traitors, the people whose salaries I pay and left me to die,” Berzon MacKie, an artist who was born in the United Kingdom, said as she cried. Back in Netivot, Aviel Zaguri is staying put. He didn’t flinch as inbound rockets that hit a few miles from Netivot send loud thuds across the plains of the western Negev. He stood at sunset outside his yeshiva and looked up at the spectacle that lit up the desert sky over Netivot each night: Iron Dome rounds hunting and destroying rockets bound for the area’s Israeli towns. “My wife thought about going to Jerusalem, but we decided it’s not much safer. And frankly, it’s such a hassle moving in with relatives when you have four small kids that staying under fire feels easier.” Zaguri’s children are accustomed to the alarms and the thuds, he said. “We’ve raised our children into this. Our twins, age 5, asked what the thuds are. I told them: Arabs in Gaza want to kill us but God will watch over us if we watch over ourselves and His commandments.”  "
The Times of Israel,"24 October 2023,",Iron Dome is facing its greatest test in war with Hamas  ,Israeli Response,https://www.timesofisrael.com/iron-dome-is-facing-its-greatest-test-in-war-with-hamas/,"While missile defense system maintains 90% effectiveness, it can get overwhelmed in case of massive bombardments, will be further challenged if Hezbollah joins the fight. Since Israel activated the Iron Dome in 2011, the cutting-edge rocket defense system has intercepted thousands of rockets fired from the Gaza Strip. The system has given residents a sense of security, and Israelis can often be seen watching the projectiles flying through the skies and destroying their targets overhead. But the current war with Hamas might be its stiffest challenge yet. In just two weeks, Hamas has fired 7,000 rockets toward Israel, according to the Israeli military. That is more than any of the previous four wars fought between Israel and Hamas since the terror group seized power in Gaza in 2007. On October 7 alone, when gunmen rampaged through Israel’s southern communities, Hamas launched at least 2,000 rockets, according to data from West Point. During the devastating onslaught, terrorists slaughtered over 1,400 people, mostly civilians, and took at least 220 hostages in Gaza. In the 18 days since, the IDF has maintained a near-constant aerial bombardment it says targets Hamas terrorists and infrastructure, leaving thousands dead, according to the Hamas-run health ministry in Gaza, including many civilians. Iran’s proxy in Lebanon, the Hezbollah terror group, has also fired dozens of missiles and rockets along Israel’s northern front since the fighting began. Most of the rockets have been intercepted. But some have managed to get through, killing at least 11 people and hitting buildings as far away as Tel Aviv, according to Israeli officials. Here is a look at the accomplishments — and limitations — of the Iron Dome. How does the Iron Dome work? The Iron Dome is a series of batteries that use radars to detect incoming short-range rockets and intercept them. Each battery has three or four launchers, 20 missiles, and a radar, according to Raytheon, the US defense giant that co-produces the system with Israel’s Rafael Defense Systems. Once the radar detects a rocket, the system determines whether the rocket is headed toward a populated area. If so, it launches a missile to intercept and destroy the rocket. If the system determines the rocket is headed to an open area or into the sea, it is allowed to land, thus conserving missiles. According to the military, all interceptions occur in Israeli airspace. The military declined to comment on how many Iron Dome batteries are currently deployed. But as of 2021, Israel had 10 batteries scattered around the country, each able to defend a territory of 60 square miles (155 square kilometers), according to Raytheon. How accurate is the Iron Dome? It is roughly 90% effective, according to Rafael. But it can get overwhelmed if a mass barrage of rockets is fired, allowing some to slip through. While it has performed well so far, the risk could be raised if Hezbollah enters the war. Hezbollah has an estimated 150,000 rockets and missiles. How expensive is the system? Each missile costs an estimated $40,000 to $50,000, according to the Institute for National Security Studies, a Tel Aviv think tank. The US has invested heavily in the system, helping with development costs and replenishing it during times of fighting. US President Joe Biden has said he will ask Congress for $14.3 billion in military aid for Israel. The majority of that would help with air and missile defense systems, according to the White House. “We’re surging additional military assistance, including ammunition and interceptors to replenish Iron Dome,” Biden said.  "
The Times of Israel,"23 October 2023,",Israel has shunned ground operations for decades. Is it still looking for a way out?  ,Israeli Response,https://www.timesofisrael.com/israel-has-shunned-ground-operations-for-decades-is-it-still-looking-for-a-way-out/,"As questions arise about the fact that the tanks are still inside Israel 17 days after the Hamas massacre, this war so far looks like the inconclusive operations that preceded it. Israeli soldiers move a tank at a staging area near the border with Gaza Strip, in southern Israel on October 15, 2023. (AP Photo/Ohad Zwigenberg) Israeli leaders have said in no uncertain terms that this war will only end when Hamas no longer runs the Gaza Strip. “It’s only the beginning,” said Prime Minister Benjamin Netanyahu in the first week of the war. “Our enemies have only just begun to pay the price. I won’t detail what will come next. But I’m telling you, it’s only the beginning.” “We will destroy Hamas, and we will win,” he pledged. US President Joe Biden, speaking publicly and definitively more than a week after Hamas massacred 1,400 people across southern Israel, agreed that Hamas must be eliminated. IDF commanders are reportedly champing at the bit, leaking to journalists that a ground invasion has to begin soon. And the Israeli people wouldn’t accept anything less after the savagery they witnessed on October 7 and the trauma it has produced, given the political and military leadership’s failure to protect civilians in their homes. Yet, 17 days into the war, Israel’s response looks similar to the long string of inconclusive military operations that for years allowed the Hamas threat to grow, then explode across the border into southern Israel. So far, almost the entire IDF response has been in the form of fire from the air force and artillery. The much-anticipated ground invasion, meanwhile, has been pushed off far longer than seemed possible after Hamas invaders butchered 1,000 civilians and took hundreds more hostage. Some of the frustrating delay reportedly comes from White House pressure to allow more time to get hostages out. There is also certainly some logic to making sure troops are fully trained and equipped, and that Hamas defenses are softened up, before sending IDF divisions into the fight. But given Israel’s fighting record over the past 30 years, there may be another factor at play — a deep reluctance to order IDF ground troops into battle. The rise and fall of ground maneuver. In the country’s early decades — when it won its famous victories — the IDF was an aggressive force once unleashed in war. With no strategic depth, Israel sent its ground forces to maneuver hard into enemy territory, quickly moving the fight away from Israeli population centers to deliver decisive defeats to adversary forces. That approach was stunningly effective. Arab divisions were unequivocally devastated on the battlefield, and captured territory was the basis for peace talks with the leaders of the hostile Arab coalition, which saw members drop out with each defeat at the hands of Israeli ground forces. But the ground maneuver concept began to crumble in the wake of the 1973 Yom Kippur War. Though that conflict still ended with a classic battlefield victory by Israel’s ground forces, unexpected losses by IDF tanks, and an unprecedented loss of faith in leaders sending young men into battle, spurred Israelis to begin to reconsider whether risking their lives in pitched battles was as necessary as they had been told. The seeds of change were planted, even though in the ensuing years the IDF doubled down on ground forces. The largest ever IDF ground army pushed into Lebanon in 1982, but the bitter debate in Israeli society over a war that was seen as one of choice added to questions over how much it should have to sacrifice in wartime. It also pointed at the way forward. In the now-legendary Mole Cricket 19 operation on June 9, 1982, the IAF shocked the Syrians and their Soviet patrons by destroying the SAM anti-aircraft array in the Bekaa and downing around 25 Syrian planes while losing none of its own. The air force’s success — which relied on innovative applications of new technologies — combined with the disappointing performance of the ground forces, opened the door to a new concept. The growing debate in Israel took place at the same time that US military thinkers were relying on their technological advantage to deal with the problem of the Soviet numerical advantage in Europe. Instead of meeting Russian armor head-on, the so-called Revolution in Military Affairs, or RMA, envisioned using precision missiles and improved intelligence capacity as the keys to devastating enemy forces. The stunning US victory over the large Iraqi army in 1991 underscored to Israel the potential for RMA to offer a means of victory without losses to ground forces. Looking to avoid costly ground wars, and to make full use of Israel’s technological advantage over its enemies, the IDF pursued a conceptual revolution in which resources streamed toward the intelligence and the air force.  Israeli planners envisioned using precision missiles and improved intelligence capacity as the keys to devastating enemy forces, enabling the military to shut down the enemy military system by striking at key nodes while incurring minimal losses. It also would obviate the need to capture ground, seen increasingly by Israel as a liability in the wake of the First Palestinian Intifada and amid the long occupation of southern Lebanon by the IDF. “The possibility that the IDF would go again into Lebanon in order to defeat a terror organization wasn’t a real possibility at any stage after the withdrawal to the security zone in 1985,” wrote Moshe “Chicho” Tamir, a former brigade commander in southern Lebanon, in 2005. Ground maneuver, formerly the cornerstone of IDF war plans, disappeared from major Israeli conflicts, with commanders exhibiting an aversion to ordering ground troops into the fight. The two large-scale operations against Hezbollah in southern Lebanon in the 1990s — Accountability and Grapes of Wrath — featured only artillery and aerial attacks and absolutely no ground maneuver. Advances in stealth technology, UAVs and electronic warfare in the 1990s and early 2000s led some Israeli planners to entertain ideas of a “perfect war,” according to Itai Brun, former head of the IDF’s Military Intelligence Analysis Division. Though they might not have been explicitly cognizant of it, security chiefs seemed to be working under the belief that Israel could carry out campaigns with no casualties to its forces and no civilian deaths on the other side. The threat that preoccupied the IDF at the time, the Second Intifada, was handled  by small infantry units carrying out raids and arrests of Palestinian terror suspects, along with airstrikes on terror leaders or rocket launchers within cities. The major exception was Operation Defensive Shield in 2002, in which IDF forces retook Palestinian cities and fought pitched battles against massed gunmen. But that operation, not coincidentally Israel’s last decisive victory in a campaign, was seen as relevant only to the unique conditions in the West Bank, and didn’t lead to a renewed appreciation for classic ground maneuver in subsequent IDF documents. Not surprisingly, the lion’s share of innovative technology and budget increases went to the air force and intelligence units, while the IDF ground forces — increasingly seen as irrelevant to contemporary operations — suffered through a lost decade. Separation. Over the same years, there was also a shift away from holding enemy territory, detaching unilaterally rather than subjecting soldiers to a slow bleeding by guerrilla forces and damaging Israel’s standing on the world stage. Israel withdrew unilaterally from Lebanon in 2000. In the ensuing years, Israeli leaders had no desire to get stuck again in the Lebanese mud by using ground forces against Hezbollah, or to countenance the idea that pulling the troops out may have been a mistake. Instead, the idea was to hold Syria accountable if Hezbollah attacked Israel. “I hope no one will dare, and I think that whoever dares will have to pay a price… I really don’t recommend to anyone to try us,” prime minister Ehud Barak cautioned Syria and its allies ahead of the pullout. Israel took a similar step in Gaza, pulling out all civilians and troops in the 2005 Disengagement. Prime minister Ariel Sharon warned Palestinian terrorists not to take the withdrawal as a sign of weakness: “If they choose fire, we will respond with fire, more severe than ever.” The Gaza withdrawal, and the security fence that started going up in the West Bank at the same time, reflected an Israeli desire to solve its conflict with the Palestinians by simply separating from them, having given up on the chances for a negotiated peace. Deterrence. Since the Disengagement, Israel’s operations have increasingly focused on deterrence based on firepower. The 2006 Second Lebanon War began as previous operations had, with massive airstrikes. But as it became clear that the air force couldn’t stop Hezbollah rocket fire into Israel, ground forces were introduced gradually and haltingly. “The thing that was seared into my memory was the difficulty the decision-makers exhibited in launching a ground maneuver,” remembered Gen. Guy Tzur, then commander of Division 162. After the 2006 debacle, there were signs that maneuver was returning. The 2008-9 Operation Cast Lead in Gaza saw significant ground maneuver by IDF infantry and armored forces. Then, the Iron Dome anti-rocket system was deployed in 2011, giving Israeli leaders cover to think in defensive terms, and not deal with the root of the terrorist army threat over its borders. After the advent of Iron Dome, Israel fought two more major conflicts against Hamas. In the 2012 Operation Pillar of Defense, the IDF relied entirely on stand-off firepower and did not send troops in, while the limited ground advance in the 2014 Operation Protective Edge was part of a defensive effort against tunnels, and was not meant to defeat Hamas in the field. Smaller rounds of conflict — in 2019, 2021, 2022, and 2023 — featured exclusively fire from air, sea, and artillery, and no ground incursion. These deterrence operations were marked by an opening air attack, days or weeks of air and artillery strikes, then a ceasefire accompanied by assurances from Israeli leaders that deterrence was restored. Some senior IDF officials warned publicly that deterrence operations were a road to perdition. Brig. Gen. Tamir Yadai and Lt. Col. Eran Ortal wrote in an official IDF journal over a decade ago that the conflicts were part of a predictable and worrying pattern: Israel’s air force carries out an opening strike that kills a senior commander and temporarily knocks the enemy off balance; Israel decides to continue the operation; the IDF then struggles to keep pressure on the enemy, which recovers and fights back; Jerusalem turns to the international community to help bring the fight to a close; Israel enjoys a limited period of quiet before the next round. The 2013 article came out in the aftermath of Operation Pillar of Defense — a weeklong fight that started with an airstrike on Ahmed Jabari, the second-in-command of Hamas’s military wing. A decade later — and only five months before the Hamas massacre — the Netanyahu government launched Operation Shield and Arrow by taking out three senior Palestinian Islamic Jihad officials, sparking five days of intense fighting and zero hopes that it would be the last round between the two sides. The strike eliminated Khalil Bahtini, PIJ commander for the northern Gaza Strip, who had taken over for Tayseer Jabari, who was killed by an Israeli airstrike in August 2022 at the opening of another Gaza operation, Breaking Dawn. Jabari had replaced Hussam Abu Harbeed, killed by Israel during a 2021 operation, who himself had replaced Baha Abu al-Ata, struck by Israel’s air force at the start of Operation Black Belt in 2019. Years of airstrikes, rockets, assassinations and brief bouts of tense calm were evidence for many that the IDF has been stuck in a paradigmatic rut that has placed long-term security — let alone victory — out of reach. Return? Still, in the years leading up to the 2023 Hamas onslaught, there were signs that the IDF was waking up to the fact that it was not providing answers to threats from Gaza and Lebanon. Under the previous IDF chief of staff Aviv Kohavi, the IDF released two important documents, “The Momentum Multiyear Plan” and its conceptual underpinning, “The Operational Concept for Victory.” The two publications showed that the IDF recognized that there was a serious problem, and that it must change conceptually and materially.  They provide for a significant shift in the way the IDF sees both itself and its adversaries. And at the heart of the documents lies the IDF’s understanding that reactive measures are insufficient to confront contemporary challenges. They shed the language of insurgencies, guerrillas, and asymmetric warfare that was especially in vogue in the early aughts after the 9/11 attacks and US invasions of Afghanistan and Iraq. Instead, the Kohavi-led documents speak about well-trained, capable “rocket-based terror armies.” The documents accept the fact that deterrence operations not only don’t remove the threat, but also “inoculate the enemy against IDF power by gradually exposing him to limited doses of our capabilities,” according to Ortal, whose ideas were central to the new concept. The deterrence operations also told the enemy that his moves were having an effect on Israel “and that he should continue to develop them,” Ortal noted. The new concept recognized the need for decisive victory through ground maneuver. But it proposed a new type of maneuver, one that emerges from the understanding that territory is no longer the asset Israel’s enemies are trying to protect. Instead, it is their ability to maintain their rocket fire on Israel’s home front that must be suppressed. The emerging ground forces concept would take advantage of new opportunities offered by civilian technologies, especially artificial intelligence, miniaturization, sensors, automation, and big data. This, in the Kohavi vision, would allow Israeli ground forces — maneuvering once again in Gaza or Lebanon — to utilize their proximity to stealthy enemy forces and launchers to locate and destroy them after they are forced to reveal themselves. But the concept had been meeting resistance before the Hamas onslaught. The IDF is slow to adopt organizational changes, which take years to filter through the ranks, much like any other large institution. Though its leaders pay lip service to maneuver and victory, operationally the IDF has continued to cling to the deterrence concept and the assumptions underpinning it. The fact that Ortal and Yadai, both now generals, had continued to call in print for the change to occur was a sign that they still saw plenty of reason to worry. “Ostensibly, the IDF has agreed to this road map,” they wrote last October. “But we are more focused on the bank of targets [for the air force] than we are on the question of victory itself. In order to confront the new challenge, we must wean ourselves off the habits we have become used to for more than three decades.” Right now as these lines are written, these are indications that the IDF feels itself ready to go into Gaza and is straining to do so, but is being held back by Netanyahu’s war cabinet. By all indications, we will very soon have a much clearer picture of whether the IDF can still maneuver in enemy territory… or whether Israel’s leaders even have the stomach to order such an operation. For now, soldiers wait anxiously in staging grounds, Hamas continues to prepare its defenses, and the impatience and concern of Israeli civilians grows.  "
The Times of Israel,"20 October 2023,","Day 14 of the war: As the IDF prepares to enter Hamastan, Israel holds its breath  ",Israeli Response,https://www.timesofisrael.com/day-14-of-the-war-as-the-idf-prepares-to-enter-hamastan-israel-holds-its-breath/,"We all know that the mission must succeed. Because we have to be able to live in security in our small patch of land, and, as of October 7, we’re not sure that we can do that.  Jerusalem’s Mahane Yehuda vegetable market, always among the most vibrant places in Israel’s capital, was pitifully underpopulated on Thursday, much worse than anything seen at the height of COVID. By early evening, many stalls were closed, and others were pulling down their metal shutters with vast quantities of produce unsold, and much of it likely to be unusable by the time the market is set to reopen, after Shabbat, on Sunday morning. Out in the world, much of the international community is currently arguing obscenely about whether the Hamas monsters who two weeks ago slaughtered, beheaded, burned, raped and abducted our citizens, inside our homes and communities, inside our sovereign land, should be considered “terrorists.” Much of the international community is choosing to give credence to an evidence-free Hamas claim that Israel bombed a Gaza hospital, over the IDF’s fact-based conclusion that a misfired Islamic Jihad terror group missile was to blame. But here, inside Israel, right now, for all our outrage and disgust at the misperception and misrepresentation of what has been playing out, we are preoccupied with the army’s imminent mission to send ground forces into Gaza to try to ensure Hamas can never harm us again. Israelis have been evacuated from the south. They’re now being evacuated from parts of the north, as Hezbollah gradually intensifies confrontations there. Rocket fire from Gaza is incessant — traumatizing for central Israel, which nonetheless has a little time to dash to safe rooms and bomb shelters, and the generally reliable protection of the Iron Dome defense system; potentially deadly for the south, where there is precious little time to rush to find safety. Among the few shoppers in Mahane Yehuda on Thursday, a goodly proportion were from the south, relishing the opportunity to venture out in relatively safe surroundings. The country is quieter than I’ve ever known it. Right now, the only sound I can hear in my entire neighborhood is the tweeting of birds. Traffic-snarled Israel’s streets are emptier than they’ve been for decades. Shops are operating with skeleton staffs, closing early, not opening at all — too many staff called into the IDF. Every day brings further unwatchable documentation of the horrors Hamas perpetrated against our children, parents and grandparents. Every day brings more funerals. Everybody here knows not only one or more of the 1,400 Israelis who were massacred or abducted by Hamas across southern Israel on and after October 7, but also one or more of the hundreds of thousands of soldiers in our standing army and our called-up reserves in an IDF about to venture into Hamastan — a hell of booby-trapped homes, underground terror tunnels, gunmen dressed as civilians and the devil knows what else. We all know our people’s army will be doing exactly what Hamas — an Islamic extremist terrorist army sworn to destroy us — wants the IDF to do: walking, eyes-open into a trap. And we all know that Hamas was dreadfully underestimated by our political and military leadership ahead of October 7. We hugely appreciate the solidarity and the practical support we’re getting from US President Joe Biden and his administration. His visit warmed our souls. He spoke like a grandfather who knows his family is in real trouble, conveying a personal empathy based on his own experiences of loss. And he promised us: “The United States isn’t going anywhere either. We’re going to stand with you. We’ll walk beside you in those dark days, and we’ll walk beside you in the good days to come. And they will come.” Will they? From Biden’s mouth to God’s ear. We know this war will take time and involve still more terrible loss — on both sides, in a Gaza where citizens cannot easily escape the war, and in many cases, we are told, are being prevented by Hamas from evacuating. How do you destroy a vast, barbaric terrorist army, cynically using civilians as human shields, from its home ground? Two weeks after 2,500 Hamas killers burst across the border, we’re still not sure we’ve got them all out of Israel. Now the IDF is seeking to eliminate them, in their tens of thousands, from Gaza. All this while Hezbollah, in southern Lebanon, seeks to draw the IDF into war on a second front, the West Bank is boiling, Iran is waiting, and the international community is proving largely incapable of echoing Biden’s moral clarity and can be expected to clamor ever more loudly against us. We know that our soldiers are brave and fine and motivated. We see them encouraging each other at the “staging areas” around Gaza. We hope they are properly equipped. We know that the IDF commando units and Air Force are peerless. Morale is high. They know that the country is behind them. They are the country.  The fate of Israel is in their hands, and in the hands of the commanders who, we can only hope, have rediscovered their competence. We hold our breath. We all know that the mission must succeed. Because we have to be able to live in security in our small patch of land, and, as of October 7, we’re not sure that we can do that. And because, as Biden also noted, we know what happens to Jews everywhere without an Israel. Indeed, we can see it starting to happen again."
The Times of Israel,28 October 2023,"Netanyahu: Goal of war is ‘to defeat the murderous enemy, ensure our existence in our land’  ",Israeli Response,https://www.timesofisrael.com/liveblog_entry/netanyahu-goal-of-war-is-to-defeat-the-murderous-enemy-ensure-our-existence-in-our-land/,"Prime Minister Benjamin Netanyahu says the second stage of the war against Hamas has begun with the entrance of more ground forces into Gaza last night. At a press conference in Tel Aviv, Netanyahu says Israel’s war aims are clear — “destruction of Hamas’s military and governing capabilities; and returning the hostages home.” Netanyahu says the decision to begin the ground incursion was made unanimously, both by the war cabinet and the security cabinet. “Our commanders and soldiers fighting in enemy territory know that the nation and the national leadership stand behind them,” he adds. Netanyahu says the troops that he has met in the field are determined to make Hamas pay for its actions on October 7. “They are determined to eradicate this evil from the world, for our existence and, I add, for all of humanity,” he says. The premier quotes the biblical injunction to remember what the Amalekites did to the Israelites. “We remember, and we are fighting.” Netanyahu says the soldiers are part of a legacy of Jewish warriors that goes back 3,000 years. He stresses that they have one goal: “To defeat the murderous enemy, and to ensure our existence in our land.”   "
The Times of Israel,"10 October 2023,","Ben Gvir says 10,000 assault rifles purchased for civilian security teams  ",Israeli Response,https://www.timesofisrael.com/ben-gvir-says-10000-assault-rifles-purchased-for-civilian-security-teams/,"Guns, helmets and body armor to be distributed to hundreds of residents of border regions, mixed Jewish-Arab cities, West Bank settlements. National Security Minister Itamar Ben Gvir announced on Tuesday that his ministry is purchasing 10,000 rifles to arm civilian security teams, specifically those in towns close to Israel’s borders around the country, as well as mixed Jewish-Arab cities and West Bank settlements. The minister, who heads the far-right Otzma Yehudit party, said 4,000 assault rifles had already been acquired from an Israeli manufacturer and will be distributed immediately. Helmets and bulletproof vests have also been acquired and will be distributed along with the assault rifles. The step comes after some civilian security teams reported they had no weapons to fight off Hamas terrorists during Saturday’s devastating assault on southern Israel. In a statement to the press on Tuesday, Ben Gvir said the new weapons and equipment will be distributed to “hundreds of towns” that have civilian security teams, some of which are manned by civilians who also volunteer in the Border Police, the Israel Police’s gendarmerie unit. In addition, new civilian security teams will be established in towns that currently lack them, the national security ministry said. “We will turn the world upside down so that towns are protected. I have given instructions for massively arming the civilian security teams to provide solutions for towns and cities, and so as not to leave towns unprotected, preparations will be made for a Guardian of the Walls 2,” said Ben Gvir, in reference to the May 2021 conflict with Hamas, which was accompanied by severe inter-communal violence in Israel’s mixed Jewish-Arab cities. When Israel’s Jewish-Arab cities were the scene of intense riots during the May 2021 conflict with Hamas, Ben Gvir, at the time an MK but not a minister, urged armed Israeli civilians to go to such cities to combat Arab rioters. Three people were killed and hundreds more were hurt in days of violent unrest in mixed cities. Civilian security teams provide security to small towns and communities in Israel’s periphery and in West Bank settlements, some of which helped defend residents from the Hamas invasion on Saturday before the IDF was able to arrive. Approximately three years ago, the IDF began taking away firearms from some of these security teams due to the repeated theft of such weapons. Hebrew news outlets reported on the problem back in 2021, and members of some of the teams have told the media in the last few days that they were essentially unarmed during Hamas’s invasion. Members of such a team told the Calcalist newspaper on Sunday that they had engaged Hamas terrorists armed with just pistols, while the terrorists bore assault rifles, grenades and anti-tank missiles. “The IDF took our rifles recently, they left us with just a few. We repelled a Hamas commando terror cell with just pistols,” one said. Along with the announcement of the firearms acquisition, Ben Gvir said that he appointed retired deputy police commissioner Shimon Lavi as ministerial coordinator for distributing firearms to the civilian security teams.  "
The Times of Israel,31 October 2023,Egypt stations tanks near Rafah border  ,International Response,https://www.timesofisrael.com/liveblog_entry/egypt-stations-tanks-near-rafah-border/,"Egypt has stationed tanks and armored vehicles near the Rafah border crossing into Gaza. Pictures show dozens of the vehicles stationed near the border. Egypt fears an influx of tens of thousands of refugees from the fighting between Israel and Hamas in Gaza and has so far kept the border largely closed, only allowing aid trucks into Gaza. Egypt is limited by its 1979 peace treaty with Israel as to the number of forces it is allowed to station in the Sinai Peninsula, although Israel has in the past approved Egypt breaching those numbers to battle an Islamic insurgency in the area. "
The Times of Israel,12 October 2023,Netanyahu’s office releases horrifying images of infants murdered by Hamas  ,Hamas Attack / Hamas Operations,https://www.timesofisrael.com/netanyahus-office-releases-horrifying-images-of-infants-murdered-by-hamas/,"Spokesman for prime minister says the decision to share shocking photos was made ‘so that the world will see just a fraction of the horrors that Hamas carried out.’The Prime Minister’s Office took the extraordinary step on Thursday of releasing gruesome photos of murdered babies to reporters and the public, seeking to underscore the atrocities carried out by Hamas in its savage rampage through southern Israel on Saturday. The Times of Israel is sharing heavily blurred versions of the photos that were released. A spokesman for the PMO told The Times of Israel that the rationale behind sharing such images was simple: “So that the world will see just a fraction of the horrors that Hamas carried out.” The PMO said the photos released were some of what was shown earlier Thursday to US Secretary of State Antony Blinken, adding that they are “difficult-to-see images of babies murdered and burned by the monsters of Hamas. Hamas are not human. Hamas is ISIS.” The official Israel Twitter account chose to share the largely unblurred images with its 1.2 million followers. The move came after some media figures heavily critical of Israel cast doubt on some of its claims about the atrocities carried out by Hamas as the terrorists infiltrated towns, murdering entire families, setting people on fire, raping women, killing children and taking more than 150 people captive. The heated debate, in particular on X, over some reports that babies had been decapitated by Hamas terrorists, appeared to spark pushback from both US and Israeli officials, who repeatedly detailed the litany of shocking crimes. “I’ve been doing this a long time. I never really thought that I would see, have confirmed pictures of terrorists beheading children,” US President Joe Biden said in comments with US Jewish leaders at the White House on Wednesday evening. The White House later said the president had not seen pictures or confirmed such reports independently, but had based his comments on various media reports citing Israeli officials. In a conversation with Biden on Wednesday, Prime Minister Benjamin Netanyahu told the president: “They took dozens of children, bound them up, burned them and executed them. They beheaded soldiers, they mowed down these youngsters who came to a nature festival.” In his own comments in Tel Aviv on Thursday alongside Netanyahu, US Secretary of State Antony Blinken confirmed that he had viewed harrowing images of the atrocities. “It’s impossible for me to look at the photos of families killed – such as the mother, father, and three small children murdered as they sheltered in their home in Kibbutz Nir Oz – and not think of my own children,” said Blinken. “This was just one of Hamas’s countless acts of terror – in a litany of brutality and inhumanity that, yes, brings to mind the worst of ISIS. Babies slaughtered. Bodies desecrated. “Young people burned alive. Women raped. Parents executed in front of their children, children in front of their parents,” Blinken said. “How are we even to understand this, to digest this?” The death toll in Israel surpassed 1,300 people on Thursday, most of them civilians, as authorities continued to find and identify human remains in a number of Gaza border towns overrun by Hamas.  "
The Times of Israel,15 October 2023,"EU affirms Israel’s right to self-defense, within international law  ",International Response,https://www.timesofisrael.com/eu-affirms-israels-right-to-self-defense-within-international-law/,"27 member states stress need to deliver humanitarian assistance to Gaza Strip while ensuring supplies not be exploited by terror groups. Leaders of the 27 European Union member states on Sunday stressed “Israel’s right to defend itself in line with humanitarian and international law” against the “violent and indiscriminate attacks” by the Hamas terror group. “We reiterate the importance of the provision of urgent humanitarian aid and stand ready to continue supporting those civilians most in need in Gaza… ensuring that such assistance is not abused by terrorist organizations,” the statement said. “It is crucial to prevent regional escalation” of the conflict, it added. The joint statement was adopted two days ahead of an emergency video summit of the member nations called by European Council President Charles Michel. “The European Union condemns in the strongest possible terms Hamas and its brutal and indiscriminate terrorist attacks across Israel and deeply deplores the loss of lives,” it said, while also calling for “the protection of all civilians at all times.” EU leaders said they “remain committed to a lasting and sustainable peace based on the two-state solution through reinvigorated efforts in the Middle East Peace Process.” The joint position comes days after a visit to Israel by European Commission President Ursula von der Leyen, which drew criticism from some diplomats and European deputies. Addressing von der Leyen in a message on X, formerly Twitter, French MEP Nathalie Loiseau wrote Saturday: “Yes, Israel has the right to defend itself against bloodthirsty terrorists. “You are forgetting an important message: Israel must respect international humanitarian law.” In the eight days since Hamas terrorists murdered more than 1,300 Israelis in a devastating onslaught, Israel has responded with an intense bombing campaign that has claimed over 2,600 lives in Gaza, which it says is aimed at destroying Hamas infrastructure. Israel has warned more than one million northern Gaza residents to flee to the south of the territory ahead of expected ground battles focused in and around Gaza City. Around 150-200 hostages are also being held in the Gaza Strip from Hamas’s brutal onslaught. War erupted after Hamas’s October 7 massacre, which saw at least 1,500 terrorists burst across the border into Israel from the Gaza Strip by land, air and sea, killing over 1,300 people and seizing 150-200 hostages of all ages under the cover of a deluge of thousands of rockets fired at Israeli towns and cities. The vast majority of those killed as gunmen seized border communities were civilians — men, women, children and the elderly. Entire families were executed in their homes, and over 260 were slaughtered at an outdoor festival, many amid horrific acts of brutality by the terrorists, in what US President Joe Biden has highlighted as “the worst massacre of the Jewish people since the Holocaust.”  "
The Times of Israel,24 October 2023,Heroic nurse was shot by Hamas terrorist as she treated wounded at Zikim IDF base,Hamas Attack / Hamas Operations,https://www.timesofisrael.com/heroic-nurse-was-shot-by-hamas-terrorist-as-she-treated-wounded-at-zikim-idf-base/,"At base with rabbi husband and eight of their 10 kids on Oct. 7 to celebrate holiday with troops, Michal Elon bravely left protective shelter to help injured soldier. Michal Elon’s nurse at Hadassah Medical Center in Jerusalem wanted her to rest. “No, I am ok. I want to talk,” Elon said when a reporter came to visit her in her hospital room to hear what happened to her and her family at the IDF Zikim training base just north of the Gaza Strip on the morning of October 7. With a heavily bandaged left arm and hooked up to an intravenous drip, Elon, 44, recalled how she, her husband, and children arrived at the base on Friday, October 6 from their home in the West Bank settlement of Kochav Hashahar. That evening, she and her family enjoyed Shabbat dinner with soldiers and officers. None could have known that the next morning, six young commanders and one new recruit would die defending the lives of 120 people and preventing the takeover of the base by Hamas terrorists. Others would be wounded, including Elon, a nurse who was shot by a terrorist after she left a protected area to treat a wounded soldier. Elon and her husband, Rabbi Omri Elon, often volunteer to spend the Sabbath on military bases, allowing IDF rabbis a break. This time the Elons brought eight of their 10 children. They ranged in age from one year and eight months to 20. “We create a family environment. We talk to the soldiers. We bring board games and play with them. We lead activities,” Elon explained to The Times of Israel. “This time Friday evening was particularly festive because it was the Simhat Torah holiday and the cooks prepared many special dishes. The soldiers were very happy,” she said. The Elon family was provided accommodation in an army barrack with 12 bunk beds. At around 6:20 Elon woke up to the sound of an explosion. “I thought, that’s weird. I didn’t think they would be doing exercises on a Shabbat and holiday,” she recounted. Then the incoming rocket sirens went off and she and her husband quickly woke the children and told them to dress in case they had to run for shelter. Although her husband doesn’t usually use his phone on Shabbat, it was an emergency so he called the base rabbi at home and asked if the structure where the family was staying was designed to withstand rocket attacks. Before the rabbi called back, a soldier came running and asked what the family was doing there. “He said, ‘We’ve taken all the soldiers to the protected structure. You need to run there. It’s not safe here.’ So we ran to the shelter as the sirens blared,” Elon recounted. The Elons sensed something was highly unusual when they saw that the commanding officers had left the shelter and had not returned. The family was left in the shelter with all the trainee soldiers, who had been drafted only two months earlier. No one in there would be aware until later that some 2,500 terrorists had burst into Israel from Gaza by land, air and sea, killing some 1,400 people — mostly civilians — and seizing at least 212 hostages of all ages, all while bombarding Israeli towns and cities with thousands of rockets. At nearby Kibbutz Zikim, the civil defense team protected the community from attack. The shot at terrorists as they tried to launch a shoulder-launched anti-tank missile, grenades and improvised explosive devices in a bid to break into the kibbutz. As the Elons and the new soldiers waited in the shelter, someone arrived saying that a female soldier had been hurt. They said they thought that perhaps she had fallen. It later became clear to Elon that the soldiers had not brought her into the fortified area or said anything about her condition so as not to scare the others. “I said I was a nurse and that I could come out and see if I could help. I had no idea what the situation actually was,” Elon said. “She looked horrible. She had been shot in the face. The bullet entered her nose and got stuck in her skull. She had very serious head trauma,” she said. Elon moved the soldier to a room in a building close to the shelter and tried to care for her as best as possible. “She wasn’t bleeding very badly because the bullet had not exited her head. It was very confusing,” Elon recalled. Several soldiers were with her, and she sent them to bring water and any medical supplies they could find. Before they could leave, one of the soldiers — who was standing at the door — was shot. “Suddenly we heard shots and this soldier fell into the room. He was shot in the head and bleeding all over. There was nothing I could do,” Elon said as she choked back tears. “The other soldier asked me if they could do something. I told him I didn’t think we could help him. I thought maybe I should hide under the bed. I didn’t know what to do. I didn’t understand. I thought it was only a rocket attack. I didn’t know that terrorists were running around the base,” she said. Seconds later, someone else appeared at the door. Elon recalled not being able to make sense of what she was seeing. On one hand, the person looked like a soldier, but there was something amiss about his uniform. “He looked me in the eye, raised his gun, and shot me. He hit me in my arm, stomach, and chest. I didn’t know what to do. I felt my hand falling like it wasn’t connected to my body,” Elon said. She quickly removed the headscarf she wears as a religiously observant woman and tied it on her arm as a tourniquet. She was determined to get to the shelter to learn whether her her husband and children were okay. She staggered to the shelter and fell on the ground close to its entrance. Her husband stepped out and dragged her inside, where she told him what happened and instructed him on how to staunch her bleeding wounds. “The soldiers were amazing. They took off their shirts, and he took the shirts and he pressed the wounds so I wouldn’t bleed. I kept bleeding but thank God, I’m here. So everything was okay in the end,” Elon said. She told her husband she was bleeding and couldn’t feel her arm and needed to get to a hospital, but it was impossible to leave or for ambulances to get in because of the intense rocket fire and gun battles. Elon remained conscious and after about three hours an army ambulance managed to get in and evacuate her and two other soldiers — one who was shot in the leg and and another with stab wounds to his head. The female soldier who was shot in the face whom Elon was treating survived by playing dead when the terrorist entered and fatally shot the soldier in the doorway, and then shot and wounded Elon. Elon was taken to Barzilai Medical Center in Ashkelon, which was inundated with those injured as a result of the devastating attack by Hamas. She was transferred to Hillel Yaffe Medical Center in Hadera, where she underwent initial treatment. A week later she was transferred to Hadassah in Jerusalem for specialized surgery to repair nerve damage in her arm. “The bullet in my chest is still in there. I don’t feel it. They decided to leave it because it is close to critical blood vessels and it isn’t safe to try to remove it,” she said. As she sat seriously wounded and and propped up against the shelter wall, Elon stayed calm and tried to smile to reassure her children as they huddled waiting to be rescued. After she was evacuated by ambulance, the IDF took her husband and children — all of whom survived uninjured — off the base. She said the children are the heroes. “They were so brave. They did a lot there. I feel they’re strong,” she said. This horrifying experience has brought all of them closer, according to their mother. “They used to always squabble about who would sleep together in which room and who would get a room of their own. After this, they all slept together in one room. None of them wanted to be alone,” she said. "
The Times of Israel,11 October 2023,"UN says over 260,000 people displaced in Gaza  ",Humanitarian,https://www.timesofisrael.com/liveblog_entry/un-says-over-260000-people-displaced-in-gaza/,"THE UN says that more than 260,000 Palestinians in Gaza have been displaced as the IDF carries out heavy strikes against Hamas targets in the Strip after the terror group launched an assault killing hundreds of Israeli civilians. “Over 263,934 people in Gaza are believed to have fled their homes,” says UN humanitarian agency OCHA, warning that “this number is expected to rise further.”  "
The Times of Israel,"15 October 2023,","As Israel-Hamas war intensifies, schools move to remote learning on Sunday  ",Humanitarian,https://www.timesofisrael.com/as-israel-hamas-war-intensifies-schools-move-to-remote-learning-on-sunday/,"Educators hope experience during COVID will make this round easier, as system grapples with traumatized students and staff called up for reserve duty. As Israel intensifies its war footing, teachers are also being called up to their own reserve duty — on Zoom. That’s how Hagit Babad, principal of  Yehuda Halevy Elementary School in Jerusalem, described the current situation of online teaching facing the school system on Sunday. “We need to be there for the students and community. We are trying to give all that we can, and we have a community of parents who give a lot of support,” said Babad. With many of the pupils’ parents called up for the massive deployment of IDF forces currently underway, school teachers, counselors and staff are a critical component in helping Israel’s children navigate these trying days, Babad explained to The Times of Israel. That task is compounded by a huge change in the format, as the Education Ministry has tasked K-12 schools with a return to distance learning, similar to what was in place during the COVID lockdowns of 2020-21. In a series of directives sent out during the week after the war began, schools received instructions to begin distance learning on Sunday. Some schools already began holding classes or meetings online last week. The ministry also issued a directive allowing for schools to have some in-person classes or activities starting on Monday, depending on location, security situation and subject to approval by the ministry, the school’s local council, and Home Front Command. Under this system, the country is divided into three colors: red, the areas adjacent to Gaza, along the central coast (including Ashkelon, Ashdod and Tel Aviv), and along Israel’s northern border, including the Golan, where in-person learning is not allowed at all; yellow, most of the areas in the center/north of the country including Jerusalem, Haifa and West Bank settlements, where in-person learning will be allowed if certain security conditions are met; and green, areas in the far south and southeast (Eilat, the Arava, southern Negev and southern Dead Sea), where in-person learning can be held without restriction. In a separate statement on Saturday, the Education Ministry announced a month-long delay in the schedule of matriculation exams, which 11th and 12th graders take as part of the graduation process. It is unclear how long this round of remote learning will last, but for Babab, it means forgetting about traditional academic progress. “We aren’t expecting the students to advance with educational material,” Babab said, explaining that her priorities were creating a new, daily schedule of activities that would give students a sense of security. As the war progresses, that may be increasingly problematic. Many of the students in her elementary school have been exposed to graphic images from the war online, Babab said. ”They are on Facebook, TikTok, the news, all the things they overhear from their parents… we want to be their address for what they need, we want to be there for them,” she said. The system also has to absorb the students and families evacuated from Gaza-adjacent communities. These families, whose exact number is uncertain, are scattered around the country, some staying in hotels, some with relatives, and some with others who have opened their homes. Many of them experienced deeply traumatic events during the initial Hamas assault and massacres. Lack of computers stymies communities. The Education Ministry has released a series of guidelines to help teachers and staff cope with this influx, along with a 24/7 mental health hotline (*6552). The response, a ministry official told The Times of Israel, has been “overwhelming.” “We are dealing with a very difficult situation, and many have parents who are now taking part in the fighting. The truth is they are in chaos,” the official said. In many cases, the evacuees don’t have enough computers, so distance learning plans can’t be implemented yet for those families. The state’s ultra-Orthodox and Arabic populations, who both have separate, state-sponsored schools, face similar issues in returning to distance learning, in that both populations have challenges in accessing enough computers for all students at home. This is especially acute for the ultra-Orthodox, many of whom do not use computers in their daily lives. Still, the school system’s experience during COVID makes the transition now much easier, the educators interviewed for this article all said, as the administrations and teachers in most cases already have practical experience. “We already have everything in place for it to happen, which is critical,” educator Yehuda Rothner said. “Last time it took a period of time to get it up and running… I think that we have learned a lot from our mistakes.” Rothner is the principal of Kol Tzofayich, an experimental religious high school in Kfar Hasidim, near Haifa, and is a veteran of the US Jewish education and summer camp world. He is “not a fan” of remote education, which has “huge problems because the classroom dynamic is completely absent,” Rothner readily admitted. He said that it’s “still important to make connections, and we have the technology to be able to do that.” “The most important issue is to have face time with your students, to be able to offer them a situation where they are learning and growing and to deal with the emotional issues they are going through. They need to know that their teachers know them and are thinking of them,” he said. Change is hard. The transition can cause particular issues for students who are just beginning first grade or entering middle school, said Dr. Naama Gershy, a clinical psychologist and assistant professor at the Hebrew University School of Education. After COVID, “for kids that were just entering elementary school, we saw the worst outcomes in reading, writing and math skills,” she explained. For older students starting middle or high school, “there were social issues. For each age, there are different effects.” “Remote learning isn’t just a Zoom class. That’s a narrow approach, and not all kids are able to do that or concentrate without a personal bond with a teacher,” she continued. (The ministry recommends using Google Meet, Microsoft Teams or Zoom for conducting online classes.) The Education Ministry has “gone through a lot of changes and instability the past year,” Gershy explained, referring to several resignations of high-level officials and the appointment of Yoav Kisch of the Likud party as education minister, under Prime Minister Benjamin Netanyahu’s far-right coalition government. “In the southern district, the education system doesn’t exist and kids are highly traumatized, and I am not sure how much academic learning can take place. It will be impossible with [strict] top-down guidelines… I think that’s what the ministry learned. They have to let go of some of the controls. There were lots of talks about more autonomy post-COVID, and if they are able to do it, there will be more progress. If principals have autonomy, they will be able to approach learning given the unique circumstances of each community,” the professor said. It does appear that the Education Ministry has tried to learn from the COVID period, as its announcements include “suggestions for activities in all areas of knowledge, intended for all different age groups,” but no hard pedagogical directives. In addition, multiple messages sent to administrators and staff stressed the social and psychological aspects of the program. “Returning to a learning routine in an emergency is key to strengthening national resilience, and is essential for the population of students, who need a clear framework with a generous, anchoring teacher and meetings with classmates (even if the meeting is digital),” said the ministry in one of its announcements. Returning to a learning routine in an emergency is key to strengthening national resilience. Some aren’t sanguine about returning to the format. “I have PTSD from teaching on Zoom during COVID,” said Leah Gottlieb, an art teacher and a mother of four. “The format itself isn’t conducive to learning – it’s a colossal waste of time,” she added. Her eldest child, who is now in 8th grade, “learned nothing” during COVID, she stressed. “I did not have a positive experience with it back then, and I feel that it’s going back to that situation, but it’s worse because now there’s war. During COVID, you could lock yourself into your house and feel safe, but now… there’s a feeling of vulnerability. And to sit and teach in that context, with your kids home, it’s too much to ask from anybody, ” Gottlieb said. Rothner, the principal in Kfar Hassidim, remains upbeat, however. “I think that we are doing the best that we can in an awful situation. I just hope that this time it won’t last for any more than a week or two,” he said.  "
The Times of Israel,"12 October 2023, ","Amid outcry, wounded terrorists not being treated in Israeli civilian hospitals  ",Humanitarian,https://www.timesofisrael.com/wounded-terrorists-not-being-treated-in-israeli-civilian-hospitals/,"After some terrorists were initially brought to emergency rooms, sparking uproar, Health Minister Moshe Arbel instructs they be redirected to prison services’ medical facilities. Chaos erupted at Sheba Medical Center near Tel Aviv Wednesday evening amid widespread anger over reports that Hamas terrorists injured during the group’s murderous assault are being treated by Israeli hospitals. However, as dozens of members of an ultranationalist group showed up and scuffled with police and security personnel, there were not in fact any terrorists at the hospital. According to a Sheba spokesperson, a terrorist had been brought in for treatment, but senior hospital staff had ordered that he not be accepted. The spokesperson said he did not know where the injured terrorist ended up. As of Thursday morning, no terrorists were being treated at Israeli hospitals, according to Hebrew media reports. The terrorists were instead brought to prison service medical facilities. This follows Health Minister Moshe Arbel’s sending a letter to Prime Minister Benjamin Netanyahu on Wednesday informing him that he had directed all public hospitals and health services to redirect injured terrorists to IDF or prison service medical facilities. “Since the beginning of the war, the issue of treating the accursed Hamas terrorists in public hospitals has created great strain on the healthcare system,” Arbel wrote. He wrote that the health system needed to be focused on treating victims of the slaughter committed by the terrorists, injured soldiers, and on preparing for what is to come in the war. “The task of treating and providing security for the accursed terrorists in the public healthcare system just detracts from this,” Arbel wrote. On Wednesday evening, a spokesperson for Ichilov Hospital in Tel Aviv updated the media that a terrorist had been brought by ambulance from a prison facility to the emergency room. However, when the situation was clarified, the prisoner was not allowed into the hospital. A doctor exited the hospital building and assessed the terrorist’s condition in the ambulance, whereupon the vehicle was directed to the prison service’s medical facility in Ramle. Petah Tikvah’s Rabin Medical Center, part of the Clalit health maintenance organization system, issued a statement assuring the public that there are currently no terrorists there. “And we don’t expect to receive or treat any in the future,” the hospital said. A spokesperson for Hadassah Medical Center, a private hospital in Jerusalem, said, “The hospital operates according to the decisions of the government and the Health Ministry. Every patient referred to Hadassah receives full medical care,” not divulging whether any terrorists had been brought to its emergency room. Prof. Hagai Levine, chairman of the Israeli Association of Public Health, said that Israeli doctors treat whoever is in need. However, he believed it was best to treat the terrorists in a single medical center — civilian, military, or penal — so as not to disrupt the strained healthcare system. “Whatever that place is, it is Israeli physicians treating terrorists who just killed their friends,” he said."
The Times of Israel,"25 October 2023,","Foreign nationals in besieged Gaza await evacuation, plead for Rafah crossing to open ",Humanitarian,https://www.timesofisrael.com/foreign-nationals-in-besieged-gaza-await-evacuation-plead-for-rafah-crossing-to-open/,"Stranded at Egypt border amid heavy Israeli bombardment, some have been waiting for more than a week, and others have been injured in strikes or lost family members. KHAN YOUNIS, Gaza Strip — For more than a week, Talaat Ghabayen, a citizen of Norway who spent his whole life in Oslo, has waited days and nights at the Gaza Strip’s land crossing with Egypt, as his embassy advised, hoping to flee Israel’s bombardment and looming ground incursion and reunite with his wife and sons back home. “Egypt is literally meters away, I can see it,” Ghabayen, a 54-year-old insurance agent who traveled to Gaza before the war erupted for his mother’s funeral, said Tuesday from the Rafah crossing. Under intense Western pressure, the gates at Rafah opened over the weekend for the first time since the war broke out, letting a trickle of humanitarian aid into the besieged Strip and stoking hopes that hundreds of foreign nationals trapped in Gaza would be able to cross into safety. But with each passing hour, Ghabayen loses hope. And each day that Rafah remains shut, he said, is another day that he could die. “They tell us to go south, then they bomb south. They tell us to go to hospitals, then they bomb hospitals. They tell us to go to shelters, then they bomb shelters,” Ghabayen said of the Israeli army, his voice rising with emotion. “We are not Hamas, we are innocent civilians who don’t even live here.” Hamas authorities and much of the Arab world accused Israel last week of bombing a hospital in Gaza City, but Israel has produced evidence showing the blast was caused by an Islamic Jihad rocket misfire. The United States, also citing its own data, has endorsed the Israeli account, as have Britain, France and several international news sources who conducted their own investigations, including The New York Times, CNN and The Associated Press. The US intelligence community believes that 100-300 people were killed at the Al-Ahli Hospital, while a European official put the toll at 50 or less, though Hamas swiftly put the death toll at 500. The Israeli military says it goes after only Hamas infrastructure in its war with the terror group, following the shocking October 7 onslaught in which 2,500 Hamas terrorists burst through the border fence, murdered some 1,400 people in southern Israel — the vast majority of them civilians slaughtered in their homes and at an outdoor music festival — and kidnapped at least 224 people to Gaza. Israel says its offensive is aimed at vanquishing Hamas, and has told residents of northern Gaza to flee south to better isolate Hamas gunmen from the civilian population. Palestinians say the strikes have nevertheless killed thousands of civilians. According to the Hamas-controlled Gaza health ministry, over 5,700 people have been killed in the Israeli bombardment. The figures issued by the terror group cannot be independently verified, and are believed to include its own terrorists and gunmen, killed in Israel and in Gaza, as well as the victims of what Jerusalem says are hundreds of misfired Palestinian rockets launched since October 7. Palestinians have pointed to airstrikes that have hit and damaged UN schools and hospitals in the densely populated territory. Jerusalem has highlighted Hamas gunmen, rocket launchers and weapons being stationed in or around these facilities and charged that the terror group is intentionally using civilians as human shields. Since the war broke out, the United States and other countries have scrambled to arrange charter flights — and even an evacuation ship — to ferry their citizens in Israel to various destinations, as the country has been bombarded by over 7,000 rockets targeting its cities and towns, with many border communities near Gaza and Lebanon evacuated. But no such evacuation has materialized for foreign citizens stranded in Gaza, who are coping with the fiercest Israeli bombing campaign in the territory’s memory and dire shortages of food, water and fuel since Israel severed its flow of supplies to the Strip as part of its war against Hamas. The Jewish state has accused Hamas of maintaining significant fuel supplies for its own use, withholding them from the civilian population. Ghabayen is among what Western diplomats estimate to be some 1,700 Palestinians in Gaza with European or US citizenship, caught up in Israel’s devastating air campaign. On top of that, there are hundreds of Palestinians in Gaza holding other foreign passports. Many said their governments told them to fill out forms and wait at the Rafah crossing. More than a week later, they’re still waiting. In some cases, the bombs got to them first. “We waited so long they’ll have to evacuate us by ambulance,” said Abdelaziz Shaaban, who said American authorities assured him that his whole family would be able to leave through Rafah because his son is a US citizen. An airstrike crashed outside his home in Gaza City last week, killing his 14-year-old daughter, Joud, and wounding everyone else in the house — just as they were preparing to try their luck at Rafah a third time. His 18-year-old son Youssef, born in Kalamazoo, Michigan, has a broken jaw and wrist. His other daughter broke her arm. Shaaban lost so much blood that he struggles to walk. “‘We are studying the case, we are studying the case,’ they tell us over and over,” Shaaban said of US officials. “What are you studying? We are wounded and can’t get painkillers. We are wounded and Shifa Hospital kicked us out because they needed room for more patients.” Shifa Hospital, Gaza’s biggest, is struggling to handle a deluge of war-wounded patients as its resources dwindle. While some trucks of humanitarian aid gradually made their way into Gaza in recent days from Egypt, Palestinians say it’s nowhere near enough to address the humanitarian disaster. Egypt has refused to open its doors to those fleeing Gaza — in part because it doesn’t want to be seen as aiding Israel’s war tactics but also because it doesn’t want a massive refugee crisis within its borders. As the days tick by, the desperation of foreign nationals trapped in Gaza is growing. Many are increasingly upset with what seems to them a double standard in Western policy. The same countries failing to respond to their plight, they say, have galvanized to evacuate their citizens from Israel and other war zones around the world. “It really makes us feel like second-class citizens,” said Mahmoud Sarhan, a 48-year-old security guard from Essen, Germany, who made his first trip to Gaza in nearly three decades before the war to tend to his ailing mother in the northern Jabaliya refugee camp. Sarhan said he is sleeping on the street in Rafah in case the crossing opens without warning. Others are staying with friends and relatives near the crossing or making the treacherous trip several times a week. After an Israeli airstrike tore into his family house in the north, killing his sister, an English teacher, and her eight children, Sarhan said he had nowhere else to go. His mother came with him to Rafah and it’s not clear if she’ll be able to travel with him to Germany. “They help their own in Ukraine, in every part of the world where their citizens are in danger. But not Gaza,” he said of Western governments. For Palestinian Americans stuck in Gaza, US President Joe Biden’s proclamations of staunch support for Israel during his wartime visit to the country following Hamas’s unprecedented assault has added to resentments. “Ridiculous” was how Hamdan Abu Speitan, a 76-year-old physician from Syracuse, New York, put it. “He is so busy trying to give Israel weapons that he can’t get water in or get Americans out,” he said, referring to Biden. The State Department said David Satterfield, recently appointed special envoy for humanitarian issues in the Middle East, was in Israel Tuesday engaged in negotiations with Israel, Egypt and the United Nations to get Rafah to open for US citizens, other dual nationals and employees of international organizations. Matthew Miller, the State Department spokesman, blamed Hamas for the hold-up in a briefing on Monday. “We do believe that Egypt is ready to process American citizens if they can make it to Egyptian authorities,” he told reporters. “Hamas just has to stop blocking their exit.” After days of subsisting on tea, bread and onions, Abu Speitan said he was feeling dehydrated and exhausted. His sister’s house in Deir al-Balah, central Gaza, had no generator — just a solar phone charger so he could keep in touch with his worried family back in New York and Boston. Over the weekend, an airstrike slammed into a house just 500 meters (yards) away, sending shrapnel into his room. He clutched his face — blood was gushing everywhere. He left the hospital and headed straight to Rafah crossing on Tuesday for the fourth time in the past week. There was no indication this time would be any different. But he said he had no other choice. “We are stuck waiting, without any information,” he said at the border crowded with Palestinians from the US, Canada, Germany, Sweden and countless other countries, some of them wounded. “Let me know if you hear something.”"
The Times of Israel,9 October 2023,"Survivors share accounts of encounters with terrorists, and an escape from Gaza",Hamas Attack / Hamas Operations,https://www.timesofisrael.com/survivors-share-harrowing-accounts-saving-kids-and-a-courageous-escape-from-gaza/,"Residents of the Gaza border communities recount what happened to them, in and around their homes, in the terrifying hours of the Hamas invasion. A woman from Kibbutz Holit, located just two kilometers (1.2 miles) from the Gaza Strip, is sharing the harrowing story of her abduction and incredible escape after terrorists dragged her from her home along with two small children and attempted to bring them to Gaza as hostages. It is just one of many painful stories of atrocities, murders and kidnappings that took place Saturday in the Gaza border communities now coming to light in the aftermath of the attacks, even as attempted infiltrations continue and battles rage close to the Gaza Strip. Avital Aladjem told Channel 12 she was hiding out in her home’s safe room with one neighbor and communicating with her next-door neighbor, Adi Vital-Kaploun, via WhatsApp, when Hamas terrorists blew up Aladjem’s front door and entered the house at 1:30 p.m. Saturday. The women dashed to hide from the terrorists. The neighbor who was hiding together with Aladjem was discovered by the gunmen, shot, and killed. Aladjem was also found, and was pulled out of the closet where she was hiding. The gunmen then brought her Vital-Kaploun’s children from next door, ages 4.5 months and 4, and began walking the three of them through the kibbutz. Vital-Kaploun is missing. “Everything was destroyed and full of blood; they took us from house to house with shooting all around, as they burned the houses and the cars,” said Aladjem. With one of the terrorists carrying the screaming 4-year-old on his shoulders and Aladjem holding the infant, they were marched to the fence surrounding the kibbutz and then on toward the Gaza Strip. “Me and the kids and the terrorists,” said Aladjem, weeping as she spoke. “‘Quick, quick,’ they kept saying.” After the terrorists brought Aladjem and the children into Gaza, they left them standing alone. Thinking on her feet, Aladjem turned around with the children and began walking with them back to the kibbutz. She passed more gunmen and hid with the children in the sand dunes, slowly making her way back. “We continued and continued and I believed we’d get back home,” she said, adding that she had no idea how much time had passed. When they entered the kibbutz, Aladjem saw other kibbutz members leaving in their cars and told the 4-year-old that he would see his father soon. The three were taken to the nearby community of Gvulot, where the children were eventually reunited with their father. “I’m alive, but their mother is missing,” said Aladjem of Vital-Kaploun, 33, a Canadian citizen whose fate is still unknown. No one’s coming to help. Other survivors or their loved ones are also recounting what happened during the harrowing hours that they huddled in the sealed rooms of their kibbutz homes in Re’im, Ofakim, Holit, Beeri, Netiv HaAsara, and other communities. Reut Karp writes about being on the phone with her young daughter, after her former husband, Dvir Karp, from whom she was separated, tried to protect their two young children and his girlfriend, all four of them sequestered in the safe room of his house in Kibbutz Re’im. Karp and his girlfriend, Stav, were killed by a Hamas terrorist in front of the children. The terrorist wrote on the wall with lipstick, “The people of Al-Kassam don’t murder small children.” Reut, home in her apartment miles away, kept her young daughter on the phone for hours until a neighbor was able to come and get the children out of the house. It was dreadlocks and tattoos that helped Ricarda Louk identify her daughter, Shani Louk, a social media influencer and tattoo artist who moved to Israel from Germany with her mother a few years ago. Louk was at the Supernova festival outside Kibbutz Re’im that was invaded by Hamas gunmen. She was kidnapped by the terrorists, and seemingly unconscious when they displayed her exposed body on the back of a pickup truck in Gaza, where onlookers spit on her. Bar Heffetz, from Kibbutz Nirim, shared Instagram posts of the avocado harvest and lychees grown in the kibbutz fields just last week, but now she shares pieces of what happened to her and her family. Heffetz and her partner, along with her sister, were in one sealed room, while other members of their extended family were in two other sealed rooms in nearby houses. “My father, 70 years old and after 35 years, took his gun out of the cupboard and planned on using it,” wrote Heffetz. “To hear crazy shooting outside, and yelling in Arabic. To see people screaming hysterically on WhatsApp that terrorists are walking around their house and they’re holding onto the handle of the door of the sealed room. A couple with a baby, one month old, the terrorist burned their house and they’re choking from smoke in the sealed room and no one’s coming to help. Meanwhile, other friends on WhatsApp are starting to tell the terrors they experienced.” “Finally, the army arrives, knocks on the doors, and 400 people, babies and cats and Thai workers and Saudi workers and pregnant women, and people who had experienced everything in 1948, emerge. You’re not sure how you’ll recover from this, but then comes the news about captives and dead, and then names start coming in, my kid’s teacher, a friend from work, a friend whose daughter was captured, a friend who both kids were kidnapped and more and more,” wrote Heffetz. “And then the stories of the guy who lay on his partner and took the gunfire and died, and Bedouin friends who entered the nature party with guns and simply tried to rescue people, my 95-year-old grandma who sat in the sealed room with her foreign caregiver and the terrorists burst in there and Savta laughed at them and the foreign worker gave them a NIS 200 bill and they just walked out.” In Ofakim, a woman identified as Rachel told Channel 12 that when the Hamas terrorists burst into her home with Kalashnikovs and grenades, she sat them down for coffee and cake, recommending they eat something “so they wouldn’t be crazed with hunger,” she said. “You’re white in the face — eat something sweet that will feel good.” Rachel distracted them long enough that the police were able to arrive and kill the terrorists, saving her and her husband, David. (More on this astonishing story here.) Mor Bayder writes about her grandmother, Bracha, the “best person I know,” who was killed by a terrorist in her Nir Oz home, the kibbutz that she helped establish and where she lived all her life, riding on her bike daily to wash and fold the clothing of her fellow kibbutz members. The terrorist killed Bayder’s grandmother, then took her phone, took a video of her dead body and then posted it on Bayder’s grandmother’s Facebook page. “That’s how we found out,” said Bayder in a Channel 13 interview, adding that she had spoken to her grandmother when the sirens first began. “I saw the biggest tragedy you could ever imagine, my grandmother, murdered, on the floor covered in blood. Those images will never leave us.” Weeping and shaking, Bayder told the Channel 13 anchor that her grandmother seemed to be one of the first who was murdered at Nir Oz, as her house was near the entrance to the kibbutz. She must have been in the kitchen at the time of the terrorist’s entry into her “small, modest home,” said Bayder, because her body was splayed in the living room. Bilha and Yaakovi Yinon, the parents of social entrepreneur Maoz Yinon who founded the Abraham Hostel among other coexistence ventures, were killed in their home in Netiv HaAsara. Mayyan Zin, a divorced mother of two, said she learned that her two daughters had been abducted when a relative sent her photos from a Telegram group showing them sitting on mattresses in captivity. She then found online videos of a chilling scene in her ex-husband’s home: gunmen who had broken in speak to him near the two weeping daughters, Dafna, 15, and Ella, 8. Another video showed the father being taken into Gaza. “Just bring my daughters home and to their family. All the people,” Zin said. "
The Times of Israel,12 October 2023,‘My heart broke’: Families in dark over fate of loved ones held by terrorists in Gaza  ,Hostages,https://www.timesofisrael.com/my-heart-broke-families-in-dark-over-fate-of-loved-ones-held-by-terrorists-in-gaza/,"Relatives of abducted German, Thai and Colombian nationals desperately searching for news; mother of woman critically hurt urges Berlin to act. PARIS — The horrific wait for the families of the over 100 people abducted in Hamas’s murderous onslaught in Israel has been marked by silence, uncertainty and pain. These are the voices of the families waiting and hoping: ‘Every minute critical.’ Ricarda Louk has been living a nightmare since she recognized her 22-year-old daughter Shani in a video, stripped and battered, in the back of a truck surrounded by Hamas terrorists. In a video on broadcaster ARD Tuesday, the mother said she had received new information that her daughter — a dual Israeli-German national — was alive but had a severe head injury and was in critical condition. Ricarda Louk first raised the alarm about her daughter over the weekend after she recognised her in videos circulating online, due to her tattoos and dyed hair. The videos showed a half-naked woman lying seemingly unconscious face down in the back of a pick-up truck in Gaza filled with armed men. “Every minute is critical, and we are asking the German government to act quickly,” she said. Her daughter was attending a music festival in southern Israel near the Gaza Strip when Hamas terrorists set upon the event and began killing and capturing partygoers. At least 260 people from the event were murdered. ‘I would hug him.’ Kanyarat Suriyasri said she was heartbroken when she found out her husband, who had traveled from Thailand to Israel to support his family, had been taken hostage by Hamas. “My heart broke,” she told AFP from Si Saket province in eastern Thailand. “I am waiting to hear some good news.” Her husband, 40-year-old Owat Suriyasri, moved to Israel in 2021 for improved wages, hoping to build a better house for his wife and two children. “We have a lot of debts, and working abroad pays better than in Thailand,” she said. If she could see him now, Suriyasri said, “I would hug him.” Hamas killed 18 Thai nationals in its offensive against Israel, a heavy toll for the Southeast Asian country that has steered clear of major international conflicts. We left Colombia ‘to find peace.’ Julio Rubio moved to Israel in the 1990s to escape the violence caused by drug cartels in Colombia. Now he fears his 26-year-old daughter has been taken hostage by Hamas. “Dad, a war has started!” Rubio’s daughter Ivonne told him over the phone from the music festival Hamas massacred. “I didn’t understand everything she was saying on the phone,” Rubio told Colombia’s Caracol Radio on Monday. He said his daughter told him she was going to try to find shelter. “I spoke to her for 50 seconds, and I haven’t heard from her since,” he said. Ivonne is the mother of a young boy, and partner to Antonio Mesias Montano, also missing, and also a parent. Rubio and his family moved to Israel 32 years ago to flee the violence in Colombia, he said. “We came here looking for some peace, and now look at what we’ve found,” he lamented. Palestinian terrorists rampaged through the south of Israel on Saturday morning, killing some 1,200 people, the vast majority of them civilians, and taking at least 100 captives to Gaza. Some 3,000 were injured. Gaza’s Hamas-run health ministry says 1,100 in the Palestinian enclave have been killed in retaliatory Israeli strikes. Israel says it is targeting terrorist infrastructure and all areas where Hamas operates or hides. Jerusalem has also said Israeli forces have killed some 1,500 Hamas terrorists who infiltrated into its territory since Saturday. "
The Times of Israel,12 October 2023,Entire Siman Tov family: Murdered by Hamas in Kibbutz Nir Oz  ,Hamas Attack / Hamas Operations,https://www.timesofisrael.com/terrorists-murdered-entire-young-family-sheltering-in-kibbutz-nir-oz-saferoom/,"Tamar and Yonatan, and their daughters Shahar and Arbel, and son Omer, all slain together in safe room. Tamar Kedem Siman Tov, 35, her husband Yonatan “Johnny” Siman Tov, 36, their 5.5-year-old twin daughters, Shahar and Arbel, and son Omer, 2, were all murdered by Hamas terrorists in their home in Kibbutz Nir Oz on October 7. Johnny’s mother, Carol Siman Tov, was also killed in her own home in the kibbutz. Tamar was survived by her parents, Gadi and Reuma, and her siblings; Johnny was survived by his siblings. Around 6:30, loved ones said, Tamar messaged a moms’ WhatsApp group in the kibbutz to ask if everyone was OK. At 9:48 a.m., she wrote that she had been wounded and that was the last anyone heard from her. Johnny texted his sister, Ranae Butler, “They’re here, they’re burning us, we’re suffocating,” she told CNN. “He and his wife were shot through the window, they managed to keep the window closed… they decided they’d [rather] suffer from smoke inhalation together and they held up while wounded,” Butler said. “Great bravery, I’m so proud of them.” A joint funeral for all six members of the family was held in Kibbutz Lahav on October 19. Tamar grew up in Jerusalem and Johnny was raised in Nir Oz. The couple met during their army service and settled in the kibbutz. Tamar was an artist and was also running to be mayor of the Eshkol region in elections that were supposed to be held in October and were delayed by the war. Johnny was an operations manager of the tractors and agricultural tools and grew wheat in the kibbutz. In a eulogy, the kibbutz noted that the family “lived a peaceful and happy life on the same kibbutz where Johnny grew up. But on that terrible day, it was all cut short — too quickly, and far too soon. The Kedem family was a happy family until their last moments. That’s how we’ll always remember them.” Amir Zinder, who spent a year working in Nir Oz, wrote that “John was an admired figure throughout the kibbutz, the one everyone wanted would love them, the one all the national service volunteers spoke about… He managed everything with a smile and a huge passion for the fields of the kibbutz.” Tamar’s sister, Noa Kedem, said Tamar was “a painter and worked in art, she was an educator and a social entrepreneur. She was a total autodidact,” Noa told Haaretz. “Everything she touched was a masterpiece. Everything got a creative treatment. When Yonatan had to explain something to the Thai farm workers connected to work, she would make them drawings so they could get over the language barrier.” Noa said that Johnny “had the hands of an artist, he taught Tamari to weld. A true handyman. Everyone knew that if you needed help, you go to John, and the answer was always yes. They had a great love between them and perfect synergy. He pushed her and allowed her to do what she loved and dreamed of. Without him, it wouldn’t have happened.” Reuma Kedem, Tamar’s mother, wrote online a month following their murders: “Tamar, John, Arbeli, Shahar and Omriko, our beloved. The world has seen only your names written on my skin, but I want the world to know what a shining and huge light you were for us. In this world and the world to come. I love you my angels and fairies. Forever and ever you will light our world.” "
The Times of Israel,23 October 2023,"Two Israeli hostages, Nurit Cooper, 79, and Yocheved Lifshitz, 85, released from Gaza  ",Hostages,https://www.timesofisrael.com/two-israeli-hostages-nurit-cooper-79-and-yocheved-lifshitz-85-released-from-gaza/,"Husbands of two captives from Nir Oz are still believed held by Hamas; release comes after unverified reports claimed dozens with foreign citizenships could be freed. Hamas released two elderly Israeli hostages Monday evening, after 17 days in captivity, the third and fourth captives freed by the terror group in recent days. The two, Nurit Cooper, 79, and Yocheved Lifshitz, 85, were released from Gaza into Egypt late Monday, and were then transferred to the IDF, which brought them to an Israeli hospital for examination. At least 220 others — including the respective husbands of both women, Amiram Cooper, 84, and Oded Lifshitz, 83 — are believed to still be held hostage by Hamas. The couples were taken captive on October 7 from their homes in Kibbutz Nir Oz. Many others were slaughtered by Hamas terrorists in the community. The International Committee of the Red Cross said it had facilitated the release of the hostages, “transporting them out of Gaza this evening,” the organization wrote on X. Video footage, which aired on Egyptian TV, showed the two women being transported in the back of ambulances, while receiving medical treatment. The release came after reports proliferated in Hebrew media earlier that up to 50 hostages with foreign citizenships could be freed by the terror group. The Wall Street Journal, citing three unnamed officials with knowledge of the matter, said that effort failed over Israel’s refusal to accept Hamas’s demand to allow fuel into Gaza. Just before midnight on Monday, the Prime Minister’s Office confirmed that the two women had been released and handed over to Israeli forces, who were bringing them to an Israeli hospital for a full assessment, where their family members were waiting for them. The government thanked both Egypt and the Red Cross for their roles in freeing and transporting Lifshitz and Cooper, and vowed to “continue to work to the best of our abilities and with full effort to locate all the missing and bring all the hostages home.” In her first public comments since being released, Lifshitz told the Ynet news site overnight Monday-Tuesday that she doesn’t know where she was held. “They schooled us,” she said, apparently referring to the October 7 Hamas onslaught. “They loaded me onto a motorcycle… with one terrorist holding me from the front and the other from behind so that I wouldn’t fall. We crossed the border fence into the Strip, and at first they held me in the town of Abasan al-Kabira, which is close to [Kibbutz] Be’eri. After that, I don’t know where I was taken.” The spokesperson for Hamas’s military wing, the Izz ad-Din al-Qassam Brigades, who goes by the nom de guerre Abu Obeida, announced earlier Monday that the terror group had released the two Israeli hostages for “humanitarian reasons,” following Egyptian and Qatari mediation. On Saturday, Abu Obeida claimed that the terror group wanted to release the same two hostages, but that Israel declined to accept them. Following the claim, Prime Minister Benjamin Netanyahu’s office said it would not respond to “Hamas’s propaganda lies.” Daniel Lifshitz, the grandson of Yocheved and Oded, told reporters on Monday night that his family was “excited, happy, and overjoyed by the official notice” that his grandmother, as well as Cooper, “are coming back to us.” He said that the whole family “is waiting for them and we are also waiting for all of the hostages from this kibbutz, as well as all of the hostages in general.” Lifshitz added that he hoped both women were in good health, and that the family was waiting desperately to be reunited with Yocheved. Asked about the status of his grandfather, Daniel said that he did not have “any news about anything else.” There was no immediate indication why Cooper and Lifshitz were selected for release, other than their advanced age and potential health complications. Lifshitz’s daughter, Sharone, had said her mother uses oxygen when she sleeps and suffers from significant back pain. Cooper’s son, Rotem, had told a local US TV network that “they might not survive if they don’t get their medicines.” Egyptian TV station Al Qahera News said the hostages were released through the Rafah crossing with Egypt, claiming that the move came about following intense Egyptian efforts. The Lifshitz couple, who were among the founders of Kibbutz Nir Oz, were peace activists and regularly transported patients from Gaza to receive medical treatment in hospitals across Israel. On Friday evening, Hamas released two American-Israelis, mother and daughter Judith and Natalie Ra’anan, also via the Rafah crossing with Egypt. The two were handed over to the Red Cross, which then handed them over to Israel. Hamas also said that release was made “for humanitarian reasons.” Eight other members of Judith and Natalie’s extended family are among the hostages. Two members of the extended family were killed by terrorists in Hamas’s October 7 onslaught. US officials over the past week have reportedly been urging Israel to delay its ground operation in the Gaza Strip to allow more time for negotiations to release more hostages. Speaking to reporters earlier Monday, IDF spokesman Rear Adm. Daniel Hagari said the number of confirmed hostages stood at 222. He said that the number included a not-insignificant number of foreign nationals and that it had taken time for them to be identified and for their families to be notified. The number appeared to stand at 220, following the latest release. When asked whether the ground operation was being delayed to allow more time for attempts to secure the release of further hostages, Hagari said, “We are working in all ways to free the hostages and bring them home.” Hagari refused to confirm or deny reports that some 50 hostages with foreign citizenships were slated to be freed, saying only that Israel does not differentiate between “who has what passport, what race, gender or religion they are” when it comes to securing their release.  "
The Times of Israel,"22 October 2023,",IDF announces death of Hamas hostage Alex Dancyg in captivity  ,Hostages,https://www.timesofisrael.com/taken-captive-alex-dancyg-warsaw-murals-painted-for-holocaust-educator/,"Born in Poland in 1948 to Holocaust survivors, peanut farmer/activist from Kibbutz Nir Oz abducted to Gaza on October 7. On July 22, 2024, the Israeli military confirmed the death of Alex Dancyg in Hamas captivity, after obtaining new intelligence information. This is what we know of his capture and the initial events that followed. The last time Alex Dancyg’s family heard from him on October 7 was around 8:30 a.m., when he spoke with his son Mati from his home on Kibbutz Nir Oz, which lies just a few kilometers east of the southern Gaza Strip. Since that time and the savage massacres perpetrated at Nir Oz and numerous towns and communities in the region, nothing has been heard of Dancyg, a renowned Holocaust educator and activist for Jewish-Polish relations. Dozens of Nir Oz’s residents were murdered by Hamas terrorists and over 70 were taken hostage. On October 18, the IDF informed Dancyg’s family that a signal from his phone was identified in Gaza and that he was classified as one of the captives, Orit Margaliot, a close personal friend of his and former colleague at Yad Vashem, told The Times of Israel. Dancyg had heart surgery several years ago and needs medication to manage his condition. His ex-wife and his grandchildren were also on the kibbutz during the massacre but managed to survive after Dancyg’s ex-wife held shut the handle to her safe room where she and three of her grandchildren were taking shelter, his son Ben told Channel 12 News. “Alex is a totally unique person, he has an incredible breadth of knowledge, he has a phenomenal memory, he is caring, empathetic, and always wants to help people with what they need,” said Margaliot. “He loves books and he loves to work the land, that was the Zionist ideal and why he chose to live on Nir Oz,” said Margaliot. Dancyg, a Polish-Israeli, was born in Warsaw in 1948 to Holocaust survivors, and his family came to Israel in 1957. He settled at Nir Oz after he completed his military service, and grew peanuts and potatoes there. He has spent his life educating about the Holocaust and teaching other educators, including Yad Vashem guides, as well as Polish educators and public figures, how to teach about the Holocaust. He also led a program for 120 Israeli and Polish schools to meet together during Israeli school trips to Poland. Dancyg has been recognized in Poland for his pioneering work and received the Silver Cross of Merit from then-Polish president Lech Kaczyński as well as an award from the Polish Ministry of Education. The Polish Institute in Tel Aviv, which is connected to the Polish Foreign Ministry, as well as the Auschwitz Museum and Yad Vashem, have all joined a campaign to raise awareness for his plight and to help bring him home. Murals with the hashtag “StandWithAlex” have been painted in numerous locations around Warsaw since his abduction, and a vigil was held for him and other Hamas hostages in Grzybowski Square in Warsaw on October 16, where a letter written by his son Mati was read out. “A great miracle happened to us and we survived the pogrom that hasn’t been seen since the Shoah,” wrote Mati addressing his father. “Kibbutz Nir Oz which you so loved doesn’t exist anymore. It was desecrated, looted and burned. Whole families were murdered,” he said and demanded that the government find a way to bring the hostages home immediately as part of its obligation to its citizens. “I miss you. I miss our fascinating talks. I miss your loving gaze when I come to visit you with the girls. Dear and loved father, come back home.”  "
The Times of Israel,20 October 2023,"IDF, settlers allegedly bind, strip, beat, burn, urinate on 3 Palestinians in W. Bank",Humanitarian,https://www.timesofisrael.com/idf-settlers-alleged-to-bind-strip-beat-burn-and-pee-on-palestinians-in-w-bank/,"Palestinian accuses suspects of attempted sodomy in attack days after Hamas onslaught; Israeli activists say they were also victimized; IDF boots commanding officer, launches probe. A group of Israeli soldiers and settlers allegedly carried out a ruthless assault on three Palestinians in the central West Bank last week, days after the Hamas terror group’s October 7 onslaught in southern Israel The reported victims told the Haaretz daily on Thursday that they were abused for hours on October 12, when they were beaten, stripped to their underwear, bound and photographed. Two of them were urinated on, one had cigarettes put out on his body and another was sexually assaulted by an assailant who tried to sodomize him, according to their testimony. The IDF said military police opened an investigation into the incident and that the commanding officer was removed from his post. The incident was part of a broader rise in violence across the West Bank since the outbreak of the Gaza war. The altercation occurred in the small Palestinian hamlet of Wadi al-Seeq, 10 miles east of Ramallah, which Haaretz said was largely evacuated in recent weeks following an uptick in settler attacks on the shepherding community. The handful of Palestinian residents in Wadi al-Seeq were preparing to also leave last Thursday morning, with the assistance of several left-wing Israeli activists and a pair of Palestinian activists from Ramallah. Those two activists, 46-year-old Muhammad Mattar and 27-year-old Muhmmad Khaled, told the newspaper that as they got in their cars and were about to head back to Ramallah, a pair of pick-up trucks arrived carrying 20 to 25 Israelis in IDF uniforms, some of them with their faces covered. Mattar quickly turned his car around to try and exit the other way and called the Palestinian Authority’s liaison to the Israeli military to report he was under attack. The Israelis managed to catch up to Mattar and Khaled, pulling them from their cars and throwing them to the ground before striking them with their weapons, they said, adding the troops shoved their heads into the dirt and kicked them before later tying their hands. The Palestinians said they recognized several of those in uniform as settlers from nearby illegal outposts and told Haaretz they could not tell which of the Israelis were conscripted soldiers, on-duty reserve troops, or just wearing partial military garb. According to Mattar, the soldiers then pulled his bag from his car and claimed to find several large knives. He accused the soldiers of planting the knives, telling the newspaper that he would not have called for Israeli authorities to come to the scene if he possessed weapons that could get him arrested. Mattar said the soldiers told him and Khaled that they were under arrest and that a team of Shin Bet security service agents were en route to question them. Khaled said a white GMC truck with a black Star of David arrived and that six to eight more Israelis in IDF uniforms, who the Palestinians believed were Shin Bet officers, exited the vehicle. The pair said they were taken into an abandoned building and blindfolded, with one of the assailants tearing their clothes off with a knife and ordering them to lie on their stomachs wearing nothing but their underwear. The Israelis allegedly proceeded to further beat the Palestinians with an iron pipe, dealing blows across their entire bodies, including their heads. Khaled said the soldiers put out lit cigarettes on him and tried to pull out his fingernails, and that his and Mattar’s faces were repeatedly shoved into the ground, including in excrement. Mattar said the soldiers repeatedly asked him where he planned on carrying out a stabbing attack but he insisted he had no such plans. He said the Israelis poured water and even urinated on them, and that one of them tried to penetrate him with a poll from behind but stopped after he resisted. After they were allegedly abused for roughly six hours, the pair were taken out of the abandoned building and thrown to the ground, at which point one of the assailants photographed the Palestinians and uploaded the picture to an ultra-nationalist Facebook group. The post was captioned, “A terror infiltration alert in the Ben Fazi farm near Kochav HaShahar. Our forces apprehended the terrorists.” The post was later deleted but picked up by several Arab media accounts beforehand. The photo shows a third Palestinian man whom Mattar and Khaled said they did not know was there because they were blindfolded. The third individual, a Wadi al-Seeq resident who asked to only be identified by his first name Majed, told Haaretz that he was at home when the Israelis arrived and did not manage to flee like some of his other neighbors. Majed said he was similarly beaten brutally by the Israelis, who tied him up and took his belongings. Civil Administration soldiers who later arrived at the scene released the three Palestinians in the early evening after they were held for roughly eight hours. Despite allegedly planning to carry out a stabbing attack, Mattar was not arrested or taken for further questioning, nor were the other two Palestinians. The Civil Administration allowed them to call their families and send for an ambulance so they could be evacuated to the hospital. Mattar was hospitalized for one night, while Khaled and Majed spent two days in the hospital. The three said their phones, a car, various belongings and NIS 2,200 ($544) in cash were taken from them. As their alleged abuse unfolded, five left-wing Israeli activists were also held for hours by the soldiers in another part of Qadi al-Seeq, Haaretz reported. One of these activists, who requested anonymity, said that when they heard the soldiers and settlers attacking the Palestinians at the entrance to the village, they got in their car to head in that direction. Upon being spotted by the assailants — many of whom were only partly clothed in IDF uniforms — the activists were apprehended and told they were under arrest “on suspicion of aiding the enemy during wartime,” they said. Other activists managed to flee the scene and hid for hours nearby, during which they said they called the police but no officers came. The activists periodically caught glimpses of settlers beating local Palestinians who did not manage to escape, according to the report. After several hours, two of the Israeli activists left their hiding spot before encountering a white van filled with IDF troops, who they said violently apprehended them and repeatedly accused them of helping “the enemy” and “supporting terrorism.” The activists said the soldiers took their phones and proceeded to delete pictures and videos they had taken of them. The activists told Haaretz that they too could not differentiate which of the assailants were settlers and which were soldiers, saying that at one point the soldiers left an armed 16-year-old boy to guard them while the troops briefly left the scene. When the Israeli activists were eventually released along with the Palestinians, the assailants told them they were lucky that they did not beat them and they should leave and never come back, the report said. The activists said the Israelis ordered them to get into their car and drive to Jerusalem, saying their phones were in their trunk but that they could not open it before reaching the capital. Upon arriving, they said they realized that one of the phones was missing along with a $3,000 camera. Still reeling a week later, Mattar told Haaretz that the assailants wanted to convey two messages: “One, that the Jews have gone crazy after what happened on the Gaza border; and two, that we, the Arabs, dare not mess with them.” “I told them that I was against Hamas and against Palestinian Islamic Jihad, but it didn’t interest them. They said that all Arabs are s**t and that we should be sent to Jordan,” he said, referring to the Gaza-ruling terror group and another Iran-backed armed faction in the Strip. “Have you heard about the Abu Ghraib prison in Iraq? It’s exactly like what happened there.” In a statement responding to an inquiry about the incident, the Israel Defense Forces said troops arrived at a farm in the Wadi al-Seeq area after receiving a report regarding a number of Palestinian suspects. “The force caught the suspects and found a knife and an ax after searching them,” the IDF said. “The manner in which the arrest was carried out and the conduct of the force in the field was contrary to what was expected of soldiers and commanders in the IDF. The incident is being investigated by commanders and many discrepancies have emerged from their accounts. “After the initial investigation, a decision was made to dismiss the commander of the unit that carried out the arrest. Due to the seriousness of the suspicions, it was decided to open a Military Police investigation,” the army said. “In any incident of friction, IDF soldiers are expected to separate the parties involved and maintain security and order in the region.” In its own response, the Shin Bet insisted that its agents had not been involved in the incident. The Israel Police did not respond to a request for comment.  "
The Times of Israel,31 October 2023,"Meirav Tal, released from Gaza; partner Yair Yaakov murdered October 7",Hostages,https://www.timesofisrael.com/taken-captive-yair-yaakov-meirav-tal-hamas-opened-door-with-grenades/,"Nir Oz resident Yaakov’s sons Or and Yagil were freed on November 27. Meirav Tal, 54, was released on November 28 as part of a temporary cease-fire deal brokered by Qatar and the United States between Hamas and Israel. The death of her partner Yair Yaakov, 59, was announced on February 25, 2024 and his body is still captive in Gaza. This is the story of their capture: Meirav Tal, 54, and the body of her longtime partner Yair Yaakov, 59, were taken captive from their Kibbutz Nir Oz home, as Hamas terrorists assaulted the community, killing residents and abducting 70 people to Gaza. Yair’s brother, Yaniv, was in touch during the early morning missile attacks on October 7, as he checked in to see if his brother and girlfriend were okay. Yair told Yaniv that he and Meirav were in their shelter. His sons, Or and Yagil, 16 and 12, weren’t with him. The two boys were at their mother’s house, also in Nir Oz and were taken captive. The boys were freed on November 27, 2023, as part of a temporary cease-fire deal brokered by Qatar and the United States between Hamas and Israel.  Yair couldn’t bring his sons to his house, as the kibbutz members were under strict instructions to stay in their home shelters. At 9:20 a.m., Meirav sent a voice message to Yaniv that terrorists had entered their home. Yair was trying to hold the safe room door shut, in order to fend off the attackers. That was the last time they communicated. By Sunday evening, the family found a video taken by Hamas, showing that the terrorists used grenades to open the door of Yair’s sealed room, in order to abduct his body and his partner Meirav and take them to Gaza. "
The Times of Israel,9 October 2023,Egypt intelligence official says Israel ignored repeated warnings of ‘something big’  ,Hamas Attack / Hamas Operations,https://www.timesofisrael.com/egypt-intelligence-official-says-israel-ignored-repeated-warnings-of-something-big/,"Cairo official says Israel focused on West Bank instead of Gaza; Egypt’s spy chief said to warn PM of ‘terrible operation,’ Netanyahu denies it. Mounting questions over Israel’s massive intelligence failure to anticipate and prepare for a surprise Hamas assault were compounded Monday when an Egyptian intelligence official said that Jerusalem had ignored repeated warnings that the Gaza-based terror group was planning “something big” — which included an apparent direct notice from Cairo’s intelligence minister to the prime minister. The Egyptian official said Egypt, which often serves as a mediator between Israel and Hamas, had spoken repeatedly with the Israelis about “something big,” without elaborating. He said Israeli officials were focused on the West Bank and played down the threat from Gaza. Prime Minister Benjamin Netanyahu’s government is made up of supporters of West Bank settlers who have demanded a security crackdown there in the face of a rising tide of violence over the last 18 months. “We have warned them an explosion of the situation is coming, and very soon, and it would be big. But they underestimated such warnings,” the official, who spoke on condition of anonymity because he wasn’t authorized to discuss the content of sensitive intelligence discussions with the media, told The Associated Press. Netanyahu denied receiving any such advance warning, saying in the course of an address to the nation Monday night that the story was “fake news.” “No early message came from Egypt and the prime minister did not speak or meet with the intelligence chief since the establishment of the government — not indirectly or directly,” his office said in a statement earlier in the day. In one of the said warnings, Egypt’s Intelligence Minister General Abbas Kamel personally called Netanyahu only 10 days before the massive attack that Gazans were likely to do “something unusual, a terrible operation,” according to the Ynet news site. Unnamed Egyptian officials told the site they were shocked by Netanyahu’s indifference to the news and said the premier told the minister the military was “submerged” in troubles in the West Bank. However, Israel was not only reportedly ignoring clear warnings from its allies. For Palestinians in Gaza, Israel’s eyes are never very far away. Surveillance drones buzz constantly in the skies. The highly secured border is awash with security cameras and soldiers on guard. Intelligence agencies work sources and cyber capabilities to draw out information. But Israel’s eyes appeared to have been closed in the lead-up to the surprise onslaught by the Hamas terror group, which broke through Israeli border barriers and sent hundreds of terrorists into Israel to carry out a brazen attack that killed over 700 people and wounded over 2,000. Israel’s intelligence agencies have gained an aura of invincibility over the decades because of a string of achievements. Israel has foiled plots seeded in the West Bank, allegedly hunted down Hamas operatives in Dubai and has been accused of killing Iranian nuclear scientists in the heart of Iran. Even when their efforts have stumbled, agencies like the Mossad, Shin Bet and military intelligence have maintained their mystique. But the weekend’s assault, which caught Israel off guard on a major Jewish holiday, plunges that reputation into doubt and raises questions about the country’s readiness in the face of a weaker but determined foe. Over 48 hours after the start of the attack, Hamas terrorists continued to battle Israeli forces inside Israeli territory, and over 100 Israelis were in Hamas captivity in Gaza. “This is a major failure,” said Yaakov Amidror, a former national security adviser to Prime Minister Benjamin Netanyahu. “This operation actually proves that the [intelligence] abilities in Gaza were no good.” Amidror declined to offer an explanation for the failure, saying lessons must be learned when the dust settles. Rear Adm. Daniel Hagari, the chief military spokesman, acknowledged the army owes the public an explanation. But he said now is not the time. “First, we fight, then we investigate,” he said. Some say it is too early to pin the blame solely on an intelligence failure. They point to a wave of low-level violence in the West Bank that shifted some military resources there and the political chaos roiling the country over steps by Netanyahu’s far-right government to overhaul the judiciary. The controversial plan has threatened the cohesion of the IDF, seen as the people’s army. But the apparent lack of prior knowledge of Hamas’s plot will likely be seen as a prime culprit in the chain of events that led to the deadliest attack against Israelis in decades. Israel withdrew troops and settlers from the Gaza Strip in 2005, stripping it of a close handle on the happenings in the territory. But even after Hamas overran Gaza in 2007, Israel appeared to maintain its edge, using technological and human intelligence. It claimed to know the precise locations of Hamas leadership and appeared to prove it through the targeted killing of terror leaders in surgical strikes, sometimes while they slept in their bedrooms. Israel has known where to strike underground tunnels used by Hamas to ferry around fighters and arms, destroying miles (kilometers) of the concealed passageways. Despite those abilities, Hamas was able to keep its plan under wraps. The ferocious attack, which likely took months of planning and meticulous training and involved coordination among multiple terror groups, appeared to have gone under Israel’s intelligence radar. Amir Avivi, a retired Israeli general, said that without a foothold inside Gaza, Israel’s security services have come to rely increasingly on technological means to gain intelligence. He said terrorists in Gaza have found ways to evade that technological intelligence gathering, giving Israel an incomplete picture of their intentions. “The other side learned to deal with our technological dominance and they stopped using technology that could expose it,” said Avivi, who served as a conduit for intelligence materials under a former military chief of staff. Avivi is president and founder of Israel Defense and Security Forum, a hawkish group of former military commanders. “They’ve gone back to the Stone Age,” he said, explaining that terrorists weren’t using phones or computers and were conducting their sensitive business in rooms specially guarded from technological espionage or going underground. But Avivi said the failure extends beyond just intelligence gathering and Israel’s security services failed to put together an accurate picture from the intelligence they were receiving, based on what he said was a misconception surrounding Hamas’s intentions. Israel’s security establishment has in recent years increasingly seen Hamas as an actor interested in governing, seeking to develop Gaza’s economy and improving the standard of living of Gaza’s 2.3 million people. But Avivi and others say the truth is that Hamas, which openly calls for Israel’s destruction, sees that aim as its priority. Israel in recent years has allowed up to 18,000 Palestinian laborers from Gaza to work in Israel, where they can earn a salary about 10 times higher than in the impoverished coastal enclave. The security establishment saw that carrot as a way to maintain relative calm. “In practice, hundreds if not thousands of Hamas men were preparing for a surprise attack for months, without that having leaked,” wrote Amos Harel, a defense commentator, in the daily Haaretz. “The results are catastrophic.” Israel has also been preoccupied and torn apart by Netanyahu’s judicial overhaul plan. Netanyahu had received repeated warnings by his defense chiefs, as well as several former leaders of the country’s intelligence agencies, that the divisive plan was chipping away at the cohesion of the country’s security services. Martin Indyk, who served as a special envoy for Israeli-Palestinian negotiations during the Obama administration, said internal divisions over the legal changes was an aggravating factor that contributed to the Israelis being caught off guard. “That roiled the IDF in a way that was, I think, we discovered was a huge distraction,” he said.  "
The Times of Israel,18 October 2023,Hamas launched unique terror tactic: Livestreaming horrors on victims’ social media  ,Hamas Attack / Hamas Operations,https://www.timesofisrael.com/hamas-launched-unique-terror-tactic-livestreaming-horrors-on-victims-social-media/,"‘We are not psychologically prepared for this,’ says expert, as New York Times highlights multiple cases in which distraught relatives saw gruesome updates via loved ones’ accounts. Hamas seems to have intentionally adopted a new terror tactic during its devastating attack on Israeli communities on October 7 — that of using the social media accounts of their victims to spread fear and confusion among their families and friends as the killings and abductions unfolded. In a report Tuesday, The New York Times followed multiple instances in which terrorists who broke into homes in towns and kibbutz communities took control of residents’ phones. In some cases, they then livestreamed their abuse of victims. In others, they posted messages or media to their social media accounts or called relatives to taunt them. In one case, a teenage hostage was filmed by terrorists being forced to walk around homes in his community and calling on neighbors to come out as it was safe, NYT reported. In another, a family’s ordeal was live-streamed to their Facebook account as parents held at gunpoint attempted to calm their two sobbing children, while the kids asked about an older daughter who had been shot dead in another room. The US newspaper reported on other incidents in which Palestinian terrorists logged into victims’ WhatsApp groups, Instagram accounts and Facebook groups even days after the attacks to post threats and other belligerent messages. Hamas’s use of social media to further spread terror “weaponizes social media in a way I don’t think we’ve seen before,” Thomas Rid, professor of strategic studies at Johns Hopkins University, told the NYT. “We are not psychologically prepared for this.” Keren de Via, a friend of the family whose captivity was streamed live on Facebook, said she was surprised when a notification of a livestream appeared on their account. “I felt maybe hopeful, for a second — and then confused,” she said. “Then just terror.” “I couldn’t believe what I was seeing. How could we watch them terrorize the family like this? How could I watch this on Facebook?” The children and mother were eventually rescued, while the father was abducted to Gaza. Shir Matan, whose cousin is also believed to have been abducted, told the paper that hours after the attack began, odd short videos appeared on her relative’s Instagram account. “There were voices in Arabic, and just feet shuffling,” Matan said. “Then someone said, in Arabic, ‘Slut.’” The video was deleted shortly thereafter. Others described seeing the Arabic word for “death” appear in the Facebook status of missing individuals. Some have said they received mocking calls from the terrorists. And in at least one case, the terrorists livestreamed their victim after she had been killed, terrorizing multiple family members. Mor Bayder wrote on Facebook a day after the onslaught about her grandmother, Bracha: “At 7 a.m., I saw the nightmare of my life. A terrorist broke into her home, murdered her, took her phone, photographed the horror, and posted it on her Facebook account. That’s how we found out.” The house in Nir Oz was later burned to the ground. Israel declared war on Hamas after more than 1,500 terrorists broke through the fortified Gaza border on October 7 and murdered some 1,300 people, most of them civilians, including babies, children and the elderly. Many were murdered in their homes and some 260 were massacred at an outdoor music festival. The terrorists also kidnapped at least 199 people of all ages to the Strip and have since fired more than 5,000 rockets at Israeli cities. Israel has responded with large-scale airstrikes on Hamas targets, killing over 3,000 people in Gaza, according to the Hamas-run health ministry. However, some of the Palestinian deaths also appear to have been caused by by Hamas and Islamic Jihad rockets falling short in the Strip. Israel has said its forces also killed some 1,500 terrorists who infiltrated into its territory to carry out the brutal onslaught. "
The Times of Israel,"10 October 2023,",US sends arms; White House lit up in Israeli colors; Biden: Not some distant tragedy  ,International Response,https://www.timesofisrael.com/us-begins-delivering-munitions-to-israel-white-house-lit-in-blue-and-white-colors/,"US death toll rises to 11 in Hamas attacks; this is ‘personal for so many American families,’ president says, references 9/11 and ‘millennia of persecution’ of Jews. WASHINGTON — The US has already begun delivering critically needed munitions and military equipment to Israel, the White House said Monday, as the Pentagon reviews its inventories to see what else can be sent quickly to boost its ally in the three-day-old war with Hamas. John Kirby, a spokesman for the National Security Council, confirmed Monday evening that the first batch of military aid in the wake of the massacre of hundreds of Israelis by Hamas terrorists is “making its way” to Israel. The delivery came as President Joe Biden prepared to give formal remarks on the attacks from the White House on Tuesday afternoon, after he confirmed that at least 11 Americans were killed in the violence over the weekend. “We fully expect there will be additional requests for security assistance for Israel as they continue to expend munitions in this fight,” Kirby said. “We will stay in lockstep with them, making sure that we’re filling their needs as best we can and as fast as we can.” In his impassioned statement, Biden said he had “directed my team to work with their Israeli counterparts on every aspect of the hostage crisis, including sharing intelligence and deploying experts from across the United States government to consult with and advise Israeli counterparts on hostage recovery efforts.” “This is not some distant tragedy,” he said in the lengthy statement Monday evening. “The ties between Israel and the United States run deep.” “It is personal for so many American families who are feeling the pain of this attack as well as the scars inflicted through millennia of antisemitism and persecution of Jewish people,” he said. Biden said the US government was on alert for the type of domestic attacks that have followed past Israeli-Palestinian conflagrations. “In cities across the country, police departments have stepped up security around centers of Jewish life, and the Department of Homeland Security, the Federal Bureau of Investigation, and other federal law enforcement partners are closely monitoring for any domestic threats in connection with the horrific terrorist attacks in Israel,” he said. The president also referenced the 9/11 attacks, an analogy several commentators have made in recent days. “We remember the pain of being attacked by terrorists at home, and Americans across the country stand united against these evil acts that have once more claimed innocent American lives,” he said. Also on Monday, a senior Defense Department official warned that the US is closely watching Hezbollah and other Iranian-backed groups, noting that the decision to shift American ships in the region was to deter any of these groups from entering or expanding the conflict against Israel. The official briefed reporters on condition of anonymity to discuss sensitive shipments. The official said the US is “flooding the zone” with calls and other messages so that extremist groups and other nations know they should not question America’s commitment to supporting the defense of Israel. The official, however, would not comment on whether US military forces would be used at all, and Kirby later emphasized that “there is no intention to put US boots on the ground.” Meanwhile, Kirby said US officials have yet to identify a direct link from the Hamas terrorists who executed this weekend’s deadly attacks to Iran itself, although the country has a “degree of complicity” considering its long support for the group. While the Pentagon official said the US has the ability to supply weapons to Ukraine and Israel and maintain security for America, the rapid delivery of munitions to the new war has raised concerns. Army Secretary Christine Wormuth said Congress must pass more funding quickly for the US to be able to give both Israel and Ukraine the weapons and munitions they both now need. “The intent is to lean forward in support of Israel,” she said. “But in particular with munitions and the ability to support Israel and Ukraine simultaneously, additional funding is needed to increase our capacity to expand production and then also pay for the munitions themselves.” At the White House, officials were more cautious, emphasizing that the US government has existing funding to support Israel for the time being. But it was becoming clear that the administration is now facing potentially competing requests from Israel and Ukraine for additional weaponry. “If we need — and it’s an ‘if’, but — if we need to go back to Capitol Hill for additional funding support for Israel, we will absolutely do that,” Kirby said. Referring to Israel and Ukraine, he added, “We are a large enough, big enough, economically viable and vibrant enough country to be able to support both.” On Capitol Hill, both Republican and Democratic lawmakers expressed support for Israel, although immediate congressional action was virtually impossible with the House remaining without a speaker and the Senate out of Washington until next week. Also uncertain is whether the debate over further assistance to Ukraine, which is opposed by a group of hard-right Republicans, will complicate efforts to pass assistance for Israel. Wormuth, speaking at the annual Association of the United States Army conference in Washington, said the administration is still “in the early stage of the process of evaluating our ability to support what the IDF needs,” referring to the Israel Defense Forces. She did not provide details, but Doug Bush, the Army’s assistant secretary for acquisition, told reporters at the conference that conversations are underway about what the US can provide. He said it likely will be a wide range of equipment, from small arms to sophisticated munitions. Most of the weaponry sent already to help Ukraine has come from Army stocks and defense contractors at a rate that has challenged the global supply chain, and while the Army has recently ramped up production of some critical lines, such as 155 mm ammunition for howitzers, they are not yet at full speed. With a new ground offensive in Gaza imminent following the Saturday surprise attack by Hamas, Army officials said Monday they were concerned about the ability to meet additional demand for ground munitions and Congress needed to act quickly to provide help in time. In addition to the 11 American citizens whose deaths Biden confirmed, an undetermined number remain unaccounted for. It was not yet clear if the missing are dead, in hiding, or had been taken hostage. Biden said the US believes it is likely that American citizens may be among those being held hostage by Hamas, but officials are working to confirm that. To underscore US solidarity with Israel, the White House was lit in the blue and white colors of the Israeli flag on Monday night. Hamas infiltrators killed at least 900 Israelis, including massacres of hundreds of civilians, with thousands more wounded. Israel has killed hundreds of Hamas terrorists inside Israel and at the border, and hundreds have been killed in Gaza in subsequent Israeli airstrikes directed at terrorist targets. In the aftermath of the Hamas attack, the White House has asked Senate leaders to fast-track confirmation of Biden’s nominee to be the next ambassador to Israel, former Obama-era Treasury Secretary and White House chief of staff Jack Lew, according to a US official who was not authorized to comment publicly and requested anonymity. The White House has received assurances that the Senate Foreign Relations Committee will push forward hearings for Lew, the official added. The US has been without an ambassador since the departure of Ambassador Tom Nides in July. Defense Secretary Lloyd Austin said Sunday he has ordered the Ford carrier strike group to sail to the Eastern Mediterranean to be ready to assist Israel. The USS Gerald R. Ford, the Navy’s newest and most advanced aircraft carrier, and its approximately 5,000 sailors and deck of warplanes will be accompanied by cruisers and destroyers in a show of force that is meant to be ready to respond to anything, from possibly interdicting additional weapons from reaching Hamas and conducting surveillance. The senior Defense Department official said worries about Hezbollah opening a second front of violence against Israel was the main reason for moving the ships to the Eastern Mediterranean. The official said the US is deeply concerned Hezbollah and other Iranian-backed groups will make the wrong decision to try to “pile on” and widen the war. The Norfolk, Virginia-based carrier strike group already was in the Mediterranean. Last week it was conducting naval exercises with Italy in the Ionian Sea. The carrier is in its first full deployment. Western leaders issue statement of support. Meanwhile, the leaders of the United States, the United Kingdom, Germany, France and Italy issued a joint statement Monday expressing their “steadfast and united support to the State of Israel, and our unequivocal condemnation of Hamas and its appalling acts of terrorism.” “Our countries will support Israel in its efforts to defend itself and its people against such atrocities. We further emphasize that this is not a moment for any party hostile to Israel to exploit these attacks to seek advantage,” Biden, UK Prime Minister Rishi Sunak, German Chancellor Olaf Scholz, French President Emmanuel Macron and Italian Prime Minister Giorgia Meloni said in the joint statement. “All of us recognize the legitimate aspirations of the Palestinian people and support equal measures of justice and freedom for Israelis and Palestinians alike. But make no mistake: Hamas does not represent those aspirations, and it offers nothing for the Palestinian people other than more terror and bloodshed,” the leaders said. “Over the coming days, we will remain united and coordinated, together as allies, and as common friends of Israel, to ensure Israel is able to defend itself, and to ultimately set the conditions for a peaceful and integrated Middle East region,” they said. “We make clear that the terrorist actions of Hamas have no justification, no legitimacy, and must be universally condemned.” "
The Times of Israel,"29 October 2023, ","‘Stop the massacre’: Pro-Palestinian, anti-Israel protests draw large crowds wordwide",International Response,https://www.timesofisrael.com/stop-the-massacre-pro-palestinian-protests-draw-thousands-around-the-world/,"Demonstrations in New York, Pakistan, Greece, Madrid, Morocco are attended by tens of thousands, as Jews face dramatic rise in antisemitism. Thousands of pro-Palestinian protesters poured onto the streets of Brooklyn, New York’s largest borough, on Saturday to voice their opposition to Israel’s ongoing war with Hamas in Gaza, which entered its fourth week on Sunday. Home to between 1.6 and two million Jews and hundreds of thousands of Muslims, New York has, for the past three weeks, been rocked by demonstrations, rallies, and vigils in support of both Palestinians and Israelis. In other demonstrations, some 35,000 pro-Palestinian protesters marched through the streets of Madrid, calling “Freedom for Palestine.” Tens of thousands of Moroccans marched Sunday through Casablanca in a show of solidarity with Palestinians, AFP reported. There were also large demonstrations in Greece and Pakistan. The war erupted after Hamas’s October 7 massacre, which saw some 2,500 terrorists burst across the border into Israel from the Gaza Strip by land, air, and sea, killing some 1,400 people and seizing some 230 hostages of all ages, under the cover of a deluge of thousands of rockets fired at Israeli towns and cities. The vast majority of those killed as gunmen seized border communities were civilians — including babies, children and the elderly. Entire families were executed in their homes, and over 260 were slaughtered at an outdoor festival amid many horrific acts of brutality by the terrorists. In response, Israel vowed to eradicate Hamas from the Gaza Strip, where the group has ruled since 2007, and return the hostages. Brooklyn march. Left-wing American Jewish activists are among those protesting Israel’s actions in Gaza, where the IDF has said it is seeking to minimize civilian casualties. Hundreds of people were arrested Friday when police broke up a large demonstration of mostly Jewish New Yorkers who had taken over the main hall of Manhattan’s Grand Central station in protest at Israel’s bombardment of Gaza. “We’re mobilizing all across New York City, flooding Brooklyn,” to call for the “liberation (of) each and every single Palestinian,” said 21-year-old protester Abdullah Akl at Saturday’s protest in Brooklyn. Protest organizer Nerdeen Kiswani took aim at American “politicians” for their unwavering support of Israel. “We are here as New Yorkers to say that we’re against this and we’re against the politicians, the local politicians as well, like New York City Mayor Eric Adams and New York State Governor Kathy Hochul, who have both pledged unconditional support to Israel,” said Kiswani. Their stance “means that they provide unconditional support to the killing of our people,” added Kiswani. Adams, who governs a city of nearly nine million people, including the world’s largest Jewish community outside of Israel, has repeatedly assured pro-Israel rallies that Israel’s “fight” is New York’s fight too. New York media and AFPTV estimated the crowd at thousands of demonstrators, who waved “Free Palestine” and “By any means necessary” placards. On Wednesday, Jewish students at New York’s Cooper Union College were locked in their school’s library for 20 minutes, as pro-Palestinian demonstrators pounded on the doors and shouted anti-Israel slogans. The incident moved the White House to issue a statement against college campus antisemitism, which has risen dramatically since October 7. “There is an extremely disturbing pattern of antisemitic messages being conveyed on college campuses,” White House deputy press secretary Andrew Bates told The Times of Israel. “Just over the past week, we’ve seen protests and statements on college campuses that call for the annihilation of the State of Israel; for genocide against the Jewish people. Jewish students have even had to barricade themselves inside buildings,” he said. Athens march. Outside of the US, pro-Palestinian protests in Europe and the Middle East continued to draw large crowds over the weekend More than 5,000 people protested in Athens, Greece, on Sunday, police said, calling for an end to the “massacre” of Palestinians in the Gaza Strip. “We are fighting for the peace of people,” Athens News Agency quoted demonstrators as chanting through loudhailers. “Stop the massacre of the Palestinian people in Gaza,” they shouted. The Athens demonstrators branded Israel a “murderous state” and also denounced the Greek government for abstaining at Friday’s UN vote for an immediate humanitarian ceasefire in Gaza. Ambassador from the Palestinian Authority Youssef Dorchom attended the protest, as did a large delegation from Greece’s KKE Communist Party. The Hamas-run health ministry in the Gaza Strip claims that Israeli strikes have killed more than 8,000 people since October 7, half of them children. However, the figures cannot be independently verified, and are believed to count both civilians and Hamas members killed in Gaza, including as a consequence of terror groups’ own rocket misfires. Israel says it killed some 1,500 Hamas terrorists inside Israel on and after October 7. While the pro-Palestinian rally was underway, a pro-Israel rally was also held in the Greek capital, in which attendees displayed photos of the people currently held captive by Hamas in Gaza. In Britain, tens of thousands of pro-Palestinian protesters marched on Saturday to call for a ceasefire, as Israel expanded the scope of its ground operation, while thousands more attended protests in France and Switzerland, as well as in Poland and Spain. Islamabad protests. In Pakistan, thousands of supporters of the country’s main politico-religious party rallied in the capital city of Islamabad on Sunday, chanting anti-American slogans and accusing the US of “backing the aggressor.” The extreme right party, Jamaat-e-Islami, had announced a march from Islamabad’s famous Abpara intersection to the US embassy in the high-security diplomatic enclave. However, stern action by the authorities the previous night forced the religious party to modify its program and hold the rally in a major street well away from the protected area. Police pulled down the party’s encampments on Saturday night, detaining the local leadership and dozens of supporters. Because of the plan announced by Jammat-e-Islami and the risk of violence, the US embassy issued an advisory for American citizens living in Islamabad and the surrounding area to “limit unnecessary travel on Sunday.” It advised US citizens to avoid large public gatherings, to exercise caution if unexpectedly in the vicinity of a large gathering or demonstration and to review personal security plans. The Jammat-e-Islami supporters, including women and children, marched for a couple of kilometers to reach the agreed venue. They held banners and posters with slogans opposing Israel and the United States and in support of the Palestinians. “Just sending medicines and relief goods is neither sufficient, nor is it the sole duty of the world, particularly of Muslim rulers, but to stay the hand of the aggressor is the real task of the world,” said Haq. He urged the leaders of the Muslim world to rise up for Gaza, and to rely on Allah instead of remaining the slave of America. Jamaat-e-Islami would continue to raise its collective voice for the Palestinians until they freed their land, he said. Another religious party, Jamiat Ulema Islam, held a massive rally in the southwestern city of Quetta, where its leader Maulana Fazlur Rehman expressed solidarity and support for Gazans. "
The Times of Israel,8 October 2023,Street rallies celebrate Hamas onslaught in West Bank and throughout the Middle East,International Response,https://www.timesofisrael.com/street-rallies-celebrate-hamas-onslaught-in-west-bank-and-throughout-the-middle-east/,"Hundreds take to the streets waving terror group’s flags in major Palestinian cities, with demonstrations also held in Lebanon, Iran, Iraq, Turkey and Yemen. Palestinians throughout the West Bank took to the streets on Saturday evening to celebrate Hamas’s major coordinated attack on Israel, which caused the death of at least 300 Israelis as well as dozens taken hostage by the Iran-backed terror group. Video clips of people, including children, waving Palestinian and Hamas flags, dancing and singing in the streets were shared from major Palestinian cities, including Ramallah, Hebron, Nablus, and Jenin. Palestinian press sources indicated on Saturday night that Palestinian Authority security forces had halted a march organized by the terror group Lion’s Den in Nablus. Further footage showed a girl handing out sweets in the Kafr Aqab neighborhood of East Jerusalem, located inside the municipal boundaries of Israel’s capital but outside the security barrier. Earlier in the day, similar scenes took place in Nablus, with members of the Lion’s Den distributing candy in celebration of Hamas’s assault. Scenes of celebration were shared on social media from throughout the Middle East. In Lebanon, bikers rode around Beirut waving Hamas flags. In the southern Lebanese city of Sidon, people waving Palestinian flags prevented a UNIFIL convoy from advancing south to the border to fulfill its task of preventing the violence from escalating into Lebanon and northern Israel, according to the Abu Ali Telegram channel. In Iran, hundreds of people rallied in Felestin (Palestine) square in Tehran, while fireworks lit up the night sky. In Azadi Square, another major plaza in the Iranian capital, a monument was lit up with the colors of the Palestinian flag and the words “We take revenge on criminals.” A major Baghdad mall was lit up with the colors of the Palestinian flag and the words “Al-Aqsa Deluge,” the name given by Hamas to its operation. Rallies in support of Hamas also took place in the Iraqi city of Basra, with people driving in their cars and waving flags of local jihadist groups next to Palestinian flags. Hundreds of demonstrators also gathered in front of the Fatih mosque in Istanbul, Turkey. Social media users were quick to point out that the vast majority of those present were Arab refugees, not locals. Pro-Hamas rallies were also documented in the city of Taizz in southwestern Yemen, a city under the control of Houthi rebels, who are also supported by Iran. "
The Times of Israel,"28 October 2023,",‘Like fighting ghosts’: The challenge the IDF faces in destroying Hamas’s tunnels  ,Israeli Response,https://www.timesofisrael.com/like-fighting-ghosts-the-challenge-the-idf-faces-in-destroying-hamass-tunnels/,"IAF strikes on underground targets are intensifying. But dislodging Hamas will require clearing out its vast tunnel network, a nightmarish task complicated by presence of hostages. AP — As a major Israeli ground offensive against Hamas in the Gaza Strip appears to draw closer, one of the greatest threats is buried deep underground. An extensive labyrinth of tunnels built by Hamas stretches across the densely populated strip, hiding fighters, their rocket arsenal and over 200 hostages the terror group now holds after its unprecedented Oct. 7 attack on Israel, in which over 1,400 people were massacred. Clearing and collapsing those tunnels will be crucial if Israel seeks to dismantle Hamas, as it has vowed to do. But fighting in densely populated urban areas and moving underground could strip the Israeli military of some of its technological advantages while giving an edge to Hamas both above and below ground. “I usually say it’s like walking down the street waiting to get punched in the face,” said John Spencer, a retired US Army major and the chair of Urban Warfare Studies at the Modern War Institute at West Point. Urban defenders, he added, “had time to think about where they are going to be and there’s millions of hidden locations they can be in. They get to choose the time of the engagement — you can’t see them but they can see you.” Overnight Friday-Saturday, the Israeli military said its warplanes struck 150 underground Hamas targets in northern Gaza, describing them as tunnels, combat spaces and other underground infrastructure. The strikes — what appeared to be Israel’s most significant bombardment of tunnels yet — came as it ramped up its ground operations in Gaza. What the past has shown. Tunnel warfare has been a feature of history, from the Roman siege of the ancient Greek city of Ambracia to Ukrainian fighters holding off Russian forces in 24 kilometers (15 miles) of Soviet-era tunnels beneath Mariupol’s Azovstal Iron and Steel Works for some 80 days in 2022. The reason is simple: tunnel battles are considered some of the most difficult for armies to fight. A determined enemy in a tunnel or cave system can pick where the fight will start — and often determine how it will end — given the abundant opportunities for ambush. That’s especially true in the Gaza Strip, home to Hamas’s tunnel system that Israel has named the “Metro.” When Israel and Egypt imposed a punishing blockade on Gaza after Hamas seized control of the territory in 2007, seeking to prevent the import of arms, the terror group expanded construction of its tunnel network to smuggle in weapons and other contraband from Egypt. While Egypt later shut down most of those cross-border tunnels, Hamas now has a massive underground network stretching throughout Gaza, allowing it to transport weapons, supplies and fighters out of the sight of Israeli drones. Yihyah Sinwar, the head of Hamas in Gaza, claimed in 2021 that the terror group had 500 kilometers (310 miles) of tunnels. The Gaza Strip itself is only some 360 square kilometers (140 square miles), roughly twice the size of Washington, DC. “They started saying that they destroyed 100 kilometers (62 miles) of Hamas tunnels. I am telling you that the tunnels we have in the Gaza Strip exceed 500 kilometers,” Sinwar said, following a bloody 11-day conflict with Israel. “Even if their narrative is true, they only destroyed 20% of the tunnels.” The Israeli military has known of the threat since at least 2001, when Hamas used a tunnel to detonate explosives under an Israeli border post. Since 2004, the Israeli military’s Samur, or “Weasels,” detachment has focused on locating and destroying tunnels, sometimes with remote-controlled robots. Those going inside carry oxygen, masks and other gear. Israel has bombed from the air and used explosives on the ground to destroy tunnels in the past. But fully dislodging Hamas will require clearing those tunnels, where terrorists can pop up behind advancing Israeli troops. During a 2014 war, Hamas killed at least 11 Israeli soldiers after infiltrating into Israel through tunnels. In another incident, an Israeli officer, Lt. Hadar Goldin, was dragged into a tunnel inside Gaza and killed. Hamas has been holding Goldin’s remains since then. Ariel Bernstein, a former Israeli soldier who fought in that war, described urban combat in northern Gaza as a mix of “ambushes, traps, hideouts, snipers.” He recalled the tunnels as having a disorienting, surreal effect, creating blind spots as Hamas gunmen popped up out of nowhere to attack. “It was like I was fighting ghosts,” he said. “You don’t see them.” Israeli Defense Minister Yoav Gallant on Friday said he expected a difficult ground offensive, warning it “will take a long time” to dismantle Hamas’s vast network of tunnels. As part of the strategy, Israel has blocked all fuel shipments into Gaza since the war erupted. Gallant said that Hamas would confiscate fuel for generators that pump air into the tunnel network. “For air, they need oil. For oil, they need us,” he said. The Israeli military also said Friday it had carried out “very meaningful” airstrikes on underground targets. Typically, modern militaries have relied on punishing airstrikes to collapse tunnels. Israeli strikes in Gaza so far in this war have killed over 7,300 people, according to figures from Gaza’s Hamas-run health ministry that cannot be independently verified and that are believed to include its own members. But those strikes — in which Israel says it is targeting Hamas everywhere while seeking to minimize civilian casualties — can inflict only limited damage on the subterranean network. US forces fighting the Vietnam War struggled to clear the 120-kilometer (75-mile) network known as the Củ Chi tunnels, in which American soldiers faced tight corners, booby traps and sometimes pitch-dark conditions in the outskirts of what was then Saigon, South Vietnam. Even relentless B-52 bombing never destroyed the tunnels. Nor did Russian strikes on the Ukrainian steel mill in 2022. Underlining how tough tunnels can be to destroy, America used a massive explosive against an Islamic State group tunnel system in Afghanistan in 2017 called “the mother of all bombs,” the largest non-nuclear weapon ever used in combat by the US military. An additional layer of complexity. Yet in all those cases, advancing militaries did not face the challenge that Israel does now with Hamas’s tunnel system. The terror group holds some 230 hostages that it captured in the Oct. 7 assault. Hamas’s release on Monday of 85-year-old Yocheved Lifshitz confirmed suspicions that the terrorists had put hostages in the tunnels. Lifshitz described Hamas abductors spiriting her into a tunnel system that she said “looked like a spider web.” Clearing the tunnels with hostages trapped inside likely will be a “slow, methodical process,” with the Israelis relying on robots and other intelligence to map tunnels and their potential traps, according to the Soufan Center, a New York security think tank. “Given the methodical planning involved in the attack [on southern Israel on October 7], it seems likely that Hamas will have devoted significant time planning for the next phase, conducting extensive preparation of the battlefield in Gaza,” the Soufan Center wrote in a briefing. “The use of hostages as human shields will add an additional layer of complexity to the fight.” The potential fighting facing Israeli soldiers also will be claustrophobic and terrifying. Many of the Israeli military’s technological advantages will collapse, giving Hamas the edge, warned Daphné Richemond-Barak, a professor at Israel’s Reichman University who wrote a book on underground warfare. “When you enter a tunnel, it’s very narrow, and it’s dark and it’s moist, and you very quickly lose a sense of space and time,” Richemond-Barak told The Associated Press. “You have this fear of the unknown, who’s coming around the corner? … Is this going to be an ambush? Nobody can come and rescue you. You can barely communicate with the outside world, with your unit.” The battlefield could force the Israeli military into firefights in which hostages may be accidentally killed. Explosive traps also could detonate, burying alive both soldiers and the hostages, Richemond-Barak said. Even with those risks, she said the tunnels must be destroyed for Israel to achieve its military objectives. “There’s a job that needs to get done and it will be done now,″ she said. "
The Times of Israel,28 October 2023,UN resolution urging immediate Gaza ceasefire passes with overwhelming majority  ,International Response,https://www.timesofisrael.com/un-resolution-urging-immediate-gaza-ceasefire-passes-with-overwhelming-majority/,"Jerusalem denounces General Assembly’s approval of ‘despicable’ Jordanian initiative that makes no mention of Hamas, vows to move forward with goal of toppling terror group. A resolution calling for an immediate ceasefire in Gaza, which made no mention of Hamas, was overwhelmingly passed by the United Nations General Assembly on Friday, drawing praise from the Islamist terror group and condemnation from Israel. The resolution called for an immediate ceasefire in Gaza, the release of all civilians, the protection of civilians and international institutions, and ensuring the safe passage of humanitarian aid into the Strip. The initiative was nonbinding but highlighted the overwhelming international support for the Palestinians amid Israel’s military campaign in response to the October 7 Hamas onslaught. Israel has rejected calls for a ceasefire in Gaza, saying that it is committed to toppling Hamas to prevent another mass assault like the one that took place three weeks ago, when more than 1,400 people were killed. Gaza terrorists also took some 230 people — mostly civilians — as hostage into the enclave, releasing four of them since. The US has also rejected calls for a ceasefire, suggesting that it would amount to a victory for Hamas. It has, however, begun suggesting that “humanitarian pauses” be considered to allow more humanitarian aid into Gaza and to ensure safe passage of civilians looking to flee the areas that the IDF is bombing most intensively in its aerial campaign across the Strip. Israel insists it’s only targeting Hamas terrorists and infrastructure but many civilians are believed to be among those killed. The Hamas-run health ministry in Gaza claims roughly 7,000 Palestinians have been killed by Israel, but those numbers cannot be independently verified and include Palestinian terrorists killed fighting the IDF as well as civilians killed as a result of errant rockets launched by terror groups. One-hundred and twenty countries voted in favor of the non-binding resolution introduced by Jordan, while just 14 — United States, Austria, Croatia, Czechia, Fiji, Guatemala, Hungary, Israel, Marshall Islands, Micronesia, Nauru, Papua New Guinea, Paraguay and Tonga — voted against it. Forty-five countries abstained, including Australia, Canada, Finland, Germany, Greece, India, Iraq, Italy, Japan, the Netherlands, Poland, South Korea, Sweden, Tunisia, Ukraine and the UK. France, Belgium, Ireland, Norway and Switzerland were among European nations that voted in favor. Canada sought to have an amendment added to the resolution to include a condemnation of Hamas and a majority of members backed the proposal, but it fell short of the two-thirds majority needed to be adopted. Eighty-eight countries voted for the amendment, 55 voted against and 33 abstained. Jordan’s ambassador to the UN called the amendment an effort to “whitewash” Israeli “atrocities” in Gaza. Israel fumed after the vote, with Foreign Minister Eli Cohen decrying the “despicable” resolution and insisting that “Israel intends to eliminate Hamas just as the world dealt with the Nazis and ISIS.” UN Ambassador Gilad Erdan angrily dismissed the resolution, saying Israel would continue to defend itself. “This is a dark day for the UN and for mankind,” Erdan said, vowing Israel will use “every means” in fighting Hamas. “Today is a day that will go down as infamy. We have all witnessed that the UN no longer holds even one ounce of legitimacy or relevance,” he added. Hamas welcomed the passage of the resolution and called for its immediate implementation, including the clause calling for the entry of fuel and relief materials for civilians in the Gaza Strip. The rival Palestinian Authority’s foreign ministry also welcomed the resolution, saying that as Israel’s campaign “reaches a new peak of brutality,” there is “a solid international position rejecting Israel’s unhinged aggression.” In a speech ahead of the vote, US Ambassador to the UN Linda Thomas-Greenfield panned the Jordanian resolution for failing to mention Hamas. “It is outrageous that this resolution fails to name the perpetrators of the October 7th terrorist attacks: Hamas,” Thomas Greenfield said. She also noted that the resolution doesn’t include the word “hostages,” though, it did “call for the immediate release of all civilians, demanding their safety, well-being and humane treatment in compliance with international law.” The US envoy clarified that Palestinian civilians, UN personnel and humanitarian workers still must be protected, even though the Biden administration does not support a ceasefire. She then highlighted the story of Al Jazeera’s Gaza bureau chief Wael al-Dahdouh, whose wife, two children and grandchild were killed in an Israeli airstrike earlier this week. “We must not become numb to the pain and the suffering of people like Wael Al-Dahdouh… My heart breaks for Wael. My heart breaks for all -– all of the innocent civilians who are caught up in this crisis,” she says. Pakistan’s UN Ambassador Munir Akran drew loud applause when he said the Arab-drafted resolution deliberately didn’t condemn or mention Israel or name any other party. “If Canada was really equitable,” Akram said, “it would agree either to name everybody — both sides who are guilty of having committed crimes — or it would not name either as we chose.” On Thursday, during the first day of the debate on the resolution, nearly every speaker backed the Jordanian draft resolution, except for Erdan who told the assembly, “A cease-fire means giving Hamas time to rearm itself, so they can massacre us again.” Erdan played a video of a Hamas terrorist trying to decapitate a Thai worker with a garden hoe during the October 7 onslaught in southern Israel, in a speech that was received with silence. His Palestinian counterpart Riyad Mansour, however, earned loud applause when he finished his address, highlighting the global mood of the moment. “If you do not stop it for all those who were killed, stop it for all those whose lives we can still save,” Mansour said. "
The Times of Israel,27 October 2023,‘Liberate Gaza’: Hundreds of Palestinians demonstrate in Ramallah,International Response,https://www.timesofisrael.com/liveblog_entry/liberate-gaza-hundreds-of-palestinians-demonstrate-in-ramallah/,"Hundreds of Palestinians demonstrated earlier in Ramallah in the West Bank, where some expressed support for Hamas amid Israel’s ongoing war against the terror group in Gaza. The crowd chanted slogans including: “Liberate Gaza” and “The people want the Al-Qassam Brigades” in reference to Hamas’s armed wing. Others waved Hamas flags along with banners representing a range of Palestinian movements. Fakhi Barghouti, 80, said Palestinians in the West Bank “need to do more about the war in Gaza.” Several people refused to answer AFP’s questions, believing that Western and particularly French media coverage of the war was “biased.”  "
The Times of Israel,"30 October 2023,","IDF reserve soldier killed, three injured in tank accident on northern border",Israeli Response,https://www.timesofisrael.com/idf-reserve-soldier-killed-three-injured-in-tank-accident-on-northern-border/,"Sgt. First Class Yinon Fleischman from Jerusalem, 31, died when vehicle overturned; cause of incident not immediately released. An Israeli soldier was killed and three others were injured when a tank overturned in northern Israel overnight, the military said Monday. Sgt. First Class Yinon Fleischman, 31, a reserve soldier from Jerusalem, died in the incident, the military said. He was buried in Jerusalem’s Mount Herzl Military Cemetery later in the day. According to Galilee Medical Center, another soldier aged 33 was in critical condition, and a third soldier, 28, was in moderate condition. A fourth soldier, 26, was lightly wounded. Fleischman was originally from the West Bank settlement of Efrat. Local council head Oded Revivi sent a message to the community notifying them that Fleischman “fell while fulfilling his duty on the northern border.” He said Fleischman is survived by his wife Noa and infant son Ziv, as well as his parents and five siblings. The military did not immediately provide details about the circumstances of the incident that occurred as the tank drove along a border path near the northern town of Rosh Hanikra. It said it was investigating. The incident comes amid a high alert and frequent skirmishes along the northern border with Hezbollah and Palestinian terror groups based in Lebanon and threats they could open a second front as Israel battles Hamas in Gaza. Several rocket volleys were fired from Lebanon at northern Israel on Sunday, and the IDF said it hit terror cells and sites belonging to Hezbollah. According to the IDF, rockets were launched from Lebanon at the upper and western Galilee several times throughout the day, setting off sirens in towns including Kiryat Shmona, Nahariya, Shlomi, Tuba-Zangariyye, Rosh Pina, Ayelet Hashahar, and Hatzor Haglilit. Several of the projectiles were intercepted by air defenses, while others landed in open areas, causing no damage, according to the IDF. One rocket directly hit a home in Kiryat Shmona but did not cause any injuries. The IDF said it responded with artillery shelling against the sources of the rocket fire. Also Sunday, the IDF said it struck two terror cells in southern Lebanon preparing to carry out anti-tank guided missile attacks against northern Israel. Amid the repeated attacks from Lebanon, the military and Defense Ministry have evacuated 42 border communities and the city of Kiryat Shmona. Many residents in northern towns independently evacuated southward amid the escalating attacks. Iran-backed Hezbollah has fired dozens of anti-tank guided missiles, rockets, and mortars at Israeli military positions and Israeli towns since the murderous October 7 Hamas onslaught. It also sent gunmen — some affiliated with Palestinian terror groups — to infiltrate northern Israel. Several drones have been intercepted over northern Israel. The IDF has reported striking dozens of terror cells in southern Lebanon in recent days. The attacks from Lebanon have so far remained limited in scope, amid threats from Israel that Lebanon will suffer if Hezbollah steps up its assault. Six Israeli soldiers, at least 48 Hezbollah gunmen, and eight Palestinian gunmen have been killed in the exchanges. One Israeli civilian was killed in a Hezbollah attack, and four Lebanese civilians and a journalist were also reported killed by Israeli shelling."
The Times of Israel,13 October 2023,Here’s what military assistance the US is providing Israel since Hamas assault  ,International Response,https://www.timesofisrael.com/heres-what-military-assistance-the-us-is-providing-israel-since-hamas-assault/,"Along with ammunition and Iron Dome interceptors, US Special ops cell assisting with intelligence, planning and hostage recovery, as pair of aircraft carriers sail toward Israel. WASHINGTON (AP) — Within hours of the horrific attack by Hamas, the US began moving warships and aircraft to the region to be ready to provide Israel with whatever it needed to respond. A second US carrier strike group departs from Norfolk, Virginia, on Friday. Scores of aircraft are heading to US military bases around the Middle East. Special operations forces are now assisting Israel’s military in planning and intelligence. The first shipment of additional munitions has already arrived. More is expected soon. Defense Secretary Lloyd Austin will arrive in Israel Friday to meet with Israeli leaders to discuss what else the US can provide. For now, the buildup reflects US concern that the deadly fighting between Hamas and Israel could escalate into a more dangerous regional conflict. So the primary mission for those ships and warplanes is to establish a force presence that deters Hezbollah, Iran, or others from taking advantage of the situation. But the forces the US sends are capable of more than that. A look at what weapons and options the US military could provide: Weapons and special operations forces. The US is providing some personnel and much-needed munitions to Israel. Defense Secretary Lloyd Austin announced that a small special operations cell was now assisting Israel with intelligence and planning, and providing advice and consultations to the Israeli Defense Forces on hostage recovery efforts. However, those forces have not been tasked with hostage rescue, which would put them on the ground fighting in the conflict. That’s something the Biden administration has not approved, and White House spokesman John Kirby has said the Israelis do not want. The US is also getting US defense companies to expedite weapons orders by Israel that were already on the books. Chief among those are munitions for Israel’s Iron Dome air defense system. “We’re surging additional military assistance, including ammunition and interceptors to replenish Iron Dome,” President Joe Biden said Tuesday. “We’re going to make sure that Israel does not run out of these critical assets to defend its cities and its citizens.” Iron Dome’s missiles target rockets that approach its cities. According to Raytheon, Israel has 10 such systems in place. Beginning with Saturday’s attack, Hamas has fired more than 5,000 rockets at Israel, most of which the system has been able to intercept, according to the Israel Defense Forces. Raytheon produces most of the missile components for Iron Dome in the US, and the Army has two systems in its stockpile. The Iron Dome munitions the US provides to Israel will likely be above and beyond what Israel has ordered and will be part of ongoing military assistance packages. Those packages will also include small-diameter bombs and JDAM kits — essentially a tail fin and navigation kit that turns a “dumb” bomb into a “smart” bomb and enables troops to guide the munition to a target, rather than simply dropping it. Navy ships and planes. One of the most visible examples of the US response was the announcement Sunday by the Pentagon to redirect the Gerald R. Ford carrier strike group to sail toward Israel. The carrier had just completed an exercise with the Italian Navy when the ship with its crew of about 5,000 was ordered to quickly sail to the Eastern Mediterranean. The carrier provides a host of options. It’s a primary command and control operations center and can conduct information warfare. It can launch and recover E2-Hawkeye surveillance planes, recognizable by their 24-foot (7-meter) diameter disc-shaped radar. The planes provide early warnings on missile launches, conduct surveillance and manage the airspace, not only detecting enemy aircraft but also directing US movements. The Ford carries F-18 fighter jets that could fly intercepts or strike targets. The carrier also has significant capabilities for humanitarian work, including an onboard hospital with an ICU and emergency room and about 40 medics, surgeons and doctors. It sails with helicopters that can be used to airlift critical supplies in or victims out. On Friday, the USS Dwight D. Eisenhower carrier strike group will leave its homeport of Norfolk, Virginia, and sail for the Mediterranean, potentially doubling the Navy’s Israel response. The Eisenhower had already been scheduled to deploy to the Mediterranean on a regular rotation, and the Ford is near the end of its deployment. But the Biden administration may decide to keep both strike groups out there, White House spokesman John Kirby said Wednesday. Air force warplanes. The Pentagon has also ordered additional warplanes to bolster A-10, F-15 and F-16 squadrons at bases throughout the Middle East. More are to be added if needed. Air Force Secretary Frank Kendall said Tuesday at an Atlantic Council event that the service was directing units that were about to come home to remain in place along with their replacements. The US Air Force already has significant airpower in the region to conduct manned and unmanned operations, most notably in Syria where an Air Force F-16 last week was ordered to shoot down a Turkish drone that was posing a threat to US ground forces. Kendall also said Air Force C-17s have landed in and departed from Israel since the attacks. The transport planes were picking up US military personnel who were there for a military exercise that hadn’t yet started when the attacks began, the Air Force said in a statement. Neither the Air Force nor Central Command would comment on what additional missions US airpower might take on in response to the conflict. UK deploys patrol ships to Mediterranean ‘to support Israel.’ Meanwhile, on Thursday, a pair of British media reports said the United Kingdom will deploy patrol and surveillance aircraft as well as two Royal Navy ships to the eastern Mediterranean. Downing Street said the deployment is “to support Israel,” the BBC and The Times reports. The British government added that the move is to “track threats to regional stability such as the transfer of weapons to terrorist groups,” according to the BBC. The Times said that the UK will also make surveillance flights over Israel and that the RFA Argus and RFA Lyme Bay ships will head to the region. "
The Times of Israel,18 October 2023,"Protesters across Middle East blame Israel for Gaza hospital blast, despite evidence  ",International Response,https://www.timesofisrael.com/protesters-across-middle-east-blame-israel-for-gaza-hospital-blast-despite-evidence/,"Rallies held in numerous locations amid calls for ‘day of rage’ over explosion that Israel insists was caused by Palestinian rocket; embassies in Egypt, Morocco evacuated. An explosion at a Gaza Strip hospital that allegedly killed at least 200 people has unleashed a torrent of protest across the Arab world, with even allies blaming Israel for the attack, despite Jerusalem presenting what it says is compelling evidence that the blast was caused by a failed rocket launch by Palestinian terrorists inside the enclave. Denunciations were voiced and angry rallies took place in Lebanon, Jordan, Libya, Yemen, Tunisia, Turkey, Morocco, Iran, and the West Bank, with more planned following calls for a “day of rage” across the region. The unrest has prompted the Israel to evacuate its embassies in Morocco and Egypt. In addition, security readiness at Israel’s embassies around the world has been raised to its highest level. Envoys have been told to stay at home as much as possible. In some sensitive locations, envoys have been moved to safer countries, the Ynet outlet reported, without specifying which envoys. The Tuesday night incident at the Al-Ahli Baptist Hospital came amid a war that erupted on October 7 when the Hamas terror group abruptly attacked Israel with thousands of rockets while over 1,500 of its gunmen launched a ground incursion through the border, slaughtering 1,400 people, the vast majority of them civilians. Some 200 people were abducted and taken hostage in Gaza and Hamas has continued to rain rockets on southern and central Israel. Israel has responded with intensive strikes in the Gaza Strip and has announced its intention of toppling Hamas, which rules the Strip, and eradicating it. Israel and Palestinian terror groups have been trading blame for the hospital blast. Hamas immediately claimed it was an Israeli strike while Israel in the ensuing hours began to provide mounting evidence showing that a rocket launched at Israel by another terror group, Palestinian Islamic Jihad, misfired and hit the hospital parking lot. Islamic Jihad denied it caused the explosion. Visiting Israel, US President Joe Biden endorsed the Israeli account, saying his conclusion was based on US Defense Department data. The IDF has accused global media outlets of accepting Hamas’s “lies” about the incident. Hamas swiftly claimed 500 people were killed in the blast and that a strike had directly hit the hospital, flattening the building. Israel has noted the group could not have tallied that number of deaths so quickly after the explosion. Video of the aftermath of the incident shows the explosion happened in the parking lot, scorching cars, but no large crater as would be expected from the kind of munitions Israel has been dropping on targets. Surrounding buildings also appeared to show no structural damage. Iraq, which blamed Israeli authorities, demanded an “immediate and urgent resolution” from the UN Security Council to stop Israel’s attacks on Gaza, as hundreds protested in the capital Baghdad, brandishing Palestinian flags. Libya’s Tripoli-based internationally recognized government called the hospital explosion a “despicable crime” as several hundred people protested in the capital and other Libyan cities. Lebanon’s Iran-backed Hezbollah terror movement called for a “day of rage” against Israel, with hundreds rallying at the US and French embassies overnight, where they scuffled with security forces. More protests were planned for Wednesday, with Lebanon joining other Arab states in declaring a day of national mourning. In Tunisia, thousands of pro-Palestinian protesters rallied outside the French embassy, condemning Western support for Israel. Some protesters were waving Palestinian flags while others demanded the ambassador be expelled, accusing France of being among the Western “allies of the Zionists,” AFP journalists reported. A second protest was due to be held outside the US embassy in Tunis later in the day, with rallies also expected in provincial towns and cities, organizers said. Speaking at an overnight meeting of his National Security Council, Tunisian President Kais Saied condemned the “international silence” about the “genocide” he said was being perpetrated by Israel against the Palestinian people. Around 5,000 Jordanians gathered outside the Israeli embassy in Amman on Wednesday to protest the hospital deaths. Security forces blocked off roads leading to the embassy but the size of the demonstration looked set to swell amid a wave of anger in Jordan, home to many Palestinian refugees. Jordan, which has normalized ties with Israel, said the Jewish state “bears responsibility for this grave incident,” while Qatar, which has close ties to Hamas, slammed the “brutal massacre.” The United Arab Emirates and Bahrain, which both established ties with Israel in the Abraham Accords of 2020, as well as Morocco, which recognized Israel in 2020, and Egypt, which became the first Arab country to normalize relations in 1979, all condemned the “Israeli” attack. Thousands of people demonstrated across Egypt in solidarity with Gaza, Egyptian media reported. Students rallied in Egyptian universities and a smaller protest was held near the US Embassy in Cairo on Tuesday. President Abdel Fattah al-Sissi had said that if he would call for protests in support of the Palestinian cause, “you would see millions” on the streets of Egypt — where protests are banned. Palestinian protesters took to the streets in the West Bank, also blaming Israel for the hospital explosion. Hundreds of protesters in Nablus, many draped in Palestinian flags and some holding Hamas banners, chanted slogans against Israel and its ally the United States. “Free, free Palestine,” chanted the protesters. Others derided Palestinian Authority President Mahmoud Abbas, whose Fatah movement is Hamas’s rival and has been criticized by Palestinians over its cooperation with Israel. “Down, down with Abbas,” they chanted. An AFP correspondent in Nablus said Palestinian security forces fired tear gas at protesters as they marched out of the city center. A similar-sized protest took place in Ramallah, the seat of the Palestinian Authority, where the crowd chanted in support of Hamas and against “security coordination” with Israel. A demonstration late Tuesday in Ramallah, a short while after the hospital blast, saw Palestinian security forces clash with protesters. In Turkey on Tuesday, 63 people including 43 police officers were hurt during protests outside the Israeli consulate in Istanbul, the governor’s office said. Scuffles broke out between police and protesters when several demonstrators tried to overcome security barricades in order to enter the consulate building. Police detained five people. The governor’s office said a 65-year-old man had a heart attack during the protests and later died in the hospital. Large crowds joined the demonstrations in Istanbul and the Turkish capital Ankara, shouting pro-Palestinian chants. Israel has told its citizens to leave Turkey “as soon as possible” amid fears of reprisal attacks. After touching down in Tel Aviv Wednesday morning, US President Joe Biden threw his support behind Israel’s account of the explosion, telling Prime Minister Benjamin Netanyahu “it appears as though it was done by the other team.” British Prime Minister Rishi Sunak said UK intelligence services were “rapidly analyzing the evidence to independently establish the facts” behind the devastating explosion at the Gaza hospital. Sunak urged lawmakers in the House of Commons not to “rush to judgment” about the blast. Calling it an “awful situation,” Sunak said: “Every member will know that the words we say here have an impact beyond this House.” He added: “The Israeli president has made it very clear that their armed forces will operate in accordance with international law, and we will continue to urge the Israelis to take every precaution to avoid harming civilians.” Around 3,000 people have been killed in Gaza as a result of Israeli airstrikes, according to the Hamas-controlled health ministry. Israel says many of the Gaza dead were killed by terrorists’ rockets falling short in the Strip. "
The Times of Israel,23 October 2023,Palestinian Islamic Jihad releases remains of hostage Oded Lifshitz,Hostages,https://www.timesofisrael.com/taken-captive-oded-yocheved-lifshitz-drive-gazans-to-hospitals/,"Oded and Yocheved Lifshitz were abducted from Kibbutz Nir Oz on Oct. 7, 2023; Yocheved was released on Oct. 23, 2023. On February 20, 2025, the bodies of four slain Israeli hostages — one of which was named by Palestinian Islamic Jihad, the group that abducted him on October 7, 2023, as Oded Lifshitz — were handed over by the terrorist group to the Red Cross, who delivered them to IDF troops in the Gaza Strip. Lifshitz’s remains were later identified at the Health Ministry’s Abu Kabir National Center of Forensic Medicine, after which an official notification was given to his family.  Below are initial reports of his capture on October 7, 2023: Oded Lifshitz, 83 (now 84), was taken from Kibbutz Nir Oz on the morning of Saturday, October 7, 2023, when Hamas terrorists invaded the Gaza border communities, killing some 1,200, committing atrocities and taking 251 Israelis captive. Lifshitz was initially taken with his wife, Yocheved, 85. At the time, the family learned that Oded Lifshitz’s cell phone was somewhere in Gaza. On October 23, Yocheved Lifshitz was freed with another captive, Nurit Cooper. Their daughter, Sharone Lifshitz, had said her mother uses oxygen when she sleeps and suffers from significant back pain. “They’re no longer the kind of people who can survive without medications,” said Sharone. “Mom was ripped out of her machine; she was sleeping.” The couple, who were among the founders of Kibbutz Nir Oz, were peace activists and regularly transported patients from Gaza to receive medical treatment in hospitals across Israel. Oded Lifschitz, a great-grandfather, is a lifelong journalist who wrote for many years for Al-Hamishmar. He’s also a passionate advocate for human rights. “Their whole house is gone,” said Sharone Lifshitz, one of their daughters, speaking to CNN. “It’s all burned, and that’s the least of it.” "
The Times of Israel,"24 October 2023,","Israeli boy turns 9 in captivity, as uncertainty agonizes grief-stricken family  ",Hostages,https://www.timesofisrael.com/israeli-boy-turns-9-in-captivity-as-uncertainty-agonizes-grief-stricken-family/,"Ohad Munder-Zichri was visiting his grandparents’ kibbutz of Nir Oz along border when Hamas burst into Israel; he was abducted with his mother and grandparents; his uncle was killed. AP — Ohad Munder-Zichri’s ninth birthday was on Monday. But instead of celebrating at home with his family and friends, he is believed to be somewhere in Gaza, one of more than 200 hostages held by Hamas since the terror group’s devastating October 7 incursion. The fourth-grader from the central Israeli city of Kfar Saba was abducted along with his mother and grandparents during a holiday visit to his grandparents’ kibbutz of Nir Oz along the border with Gaza. Ohad’s beloved uncle was killed in the attack, in which Hamas terrorists massacred over 1,400 people, more than 1,000 of them civilians. The boy, his mom and grandparents disappeared with the only thread of information about them coming from a cellphone signal traced to Gaza. It’s that uncertainty that has been most agonizing for Ohad’s grief-stricken father, Avi Zichri. “I keep imagining what he is going through. He’s a sensitive boy. Did he see dead bodies? He wears glasses. Did they take them from him? Can he see anything?” Zichri said as he nervously chain-smoked cigarettes on his front porch. “I keep thinking of every scenario, hoping for the least catastrophic. I just hope that he is safe and with his mother.” Zichri has been living this nightmare for 17 days, saying the thoughts never leave him and the only reprieve comes when he takes sleeping pills that knock him out for the night. “And then I wake up in the morning and feel guilty for not thinking about them in my sleep,” the 69-year-old said. Ohad is Zichri’s only child with his partner, Keren Munder, a 54-year-old special education teacher and volleyball coach for children with disabilities. He’s also the only grandson of Avraham and Ruti Munder, both 78, who disappeared with them from Nir Oz, where about 80 people — nearly a quarter of all residents of the small community — are believed to have been taken hostage. Ohad loved visiting his grandparents and his uncle there. At home, he is a gifted student who loves solving Rubik’s cubes and playing soccer, tennis and chess. He is a huge fan of Liverpool FC and his bedroom, untouched since his abduction, includes team souvenirs, his various trophies, family photos on the walls and the elaborate Lego constructions he loved to build. “He’s incredibly smart and charming and is very developed verbally. He teaches me things all the time and I sometimes forget that he is only 9 years old,” Zichri said. Monday’s birthday offered a chance to raise awareness of Ohad’s plight. There has been an outpouring of local and international support. The Israeli ambassador to the United States, Michael Herzog, launched an international social media campaign, calling on people to send him virtual birthday cards. Members of Ohad’s favorite Israeli soccer team and other prominent Israeli athletes have recorded birthday greetings and wishes for his safe return. Yellow balloons with messages recognizing his birthday in captivity were strewn across his hometown of Kfar Saba, with other local initiatives taking place. Local media widely acknowledged the day and friends posted tributes on social media. But for Zichri it was just another in a series of agonizing days, with anxiety consuming his every moment. “I wish I could celebrate with him today. But it feels no different. It’s just wake up and worry,” he said. “And every day it gets worse.” Zichri was awaiting Ohad and his mom’s return on Oct. 7 when he heard air-raid sirens warning of incoming rockets. He instinctively reached out to Munder knowing that she and Ohad were in much closer range. Pulling out his cellphone, Zichri showed their final exchanges. “There is nonstop firing here and there is concern terrorists have infiltrated the villages,” Munder wrote at 7:24 a.m. She wrote that they were hiding in the safe room and she had locked the door. She said she forgot her cellphone charger in the kitchen and might soon run out of battery, but she managed to let Zichri know they had turned off the news so that Ohad could quietly watch a TV show to distract him from what was going on outside. “Let’s hope this ends quickly with no one getting harmed,” she wrote in her last message at 7:39 a.m. “Take care of yourself and follow the homefront command instructions.” Zichri said it was typical of Munder to “always worry about others before herself.” Zichri said he shudders at every report of Israeli airstrikes in Gaza, wondering if they had harmed his loved ones. The only thing that keeps him going throughout the endless, agonizing wait for information is the support of a small group of friends and a vision of one day reuniting with his son and Munder and falling into their arms in a tearful embrace. “All I can do is hope,” he said. “There is nothing else I can do.” "
The Times of Israel,8 October 2023,"US pro-Palestinian groups applaud Hamas terror onslaught, plan support rallies  ",International Response,https://www.timesofisrael.com/us-pro-palestinian-groups-applaud-hamas-terror-onslaught-plan-support-rallies/,"Student groups backed by New York chapter of socialist party organize demonstrations in approval of attack, as authorities step up protection of Jewish sites in New York and Europe. NEW YORK — Pro-Palestinian, student and Muslim activist groups in the US backed Hamas’s terror offensive against Israel and condemned the Jewish state on Saturday, after terrorists from Gaza murdered hundreds of Israelis, sowing havoc across much of the country and prompting retaliatory IDF strikes. A number of the groups also announced rallies in support of the Hamas attack, which saw terrorists infiltrate Israel in a surprise assault, slaughter civilians and soldiers, abduct captives and rain rockets on Israeli cities. The US Council of Muslim Organizations, an umbrella group, said, “The recent unprovoked and continuous attacks by Israel on Palestinian towns, cities, and refugee camps have resulted in tragic loss of Palestinian lives.” “We condemn Israel’s targeted and indiscriminate killing of civilians, including innocent children, women, and the elderly,” the council said, blaming Israel and the US for the violence, and tying the attacks to the Al Aqsa Mosque, a common terrorist pretext for attacks on Israel. The statement did not mention Hamas or any of its atrocities. The Council on American-Islamic Relations (CAIR), a leading Muslim civil rights group, expressed its “support for the Palestinian people’s right to freedom.” The group blamed Israeli and US policies for the violence, also without mentioning Hamas or terror, and shared the Council of Muslim Organizations statement. An array of pro-Palestinian and student groups celebrated the attacks and planned protests. The national chapter of Students for Justice in Palestine, the leading pro-Palestinian college group, said, “Callous oppressors only know the language of destruction.” “Palestine will not be liberated overnight. Liberation is a long-term process,” the group said on Instagram, falsely referring to Sderot and Netivot, targeted Israeli cities near the border with Gaza, as settlements. “We stand in solidarity with those who are oppressed, colonized and fighting for liberation.” Students for Justice in Palestine chapters across the US, including at American University, Rutgers, UC San Diego, the University of Minnesota and San Jose State University, all celebrated “the resistance.” In New York, the pro-Palestinian groups Within Our Lifetime, Samidoun, Decolonize This Place, Al-Awda and others announced rallies on Sunday in Times Square and on Monday at the Israeli consulate “to defend the heroic Palestinian resistance.” The groups regularly call for the destruction of Israel and the ostracization of “Zionists” at street rallies in the city that have featured violence against Jews resulting in hate crimes convictions. Advertisements for this week’s rallies encouraged attendees to wear masks. Federal prosecutors investigating hate crimes at the group’s rallies last year uncovered texts between members planning attacks on Jews and encouraging each other to wear masks to avoid prosecution. “Supporting Palestinian liberation is supporting whatever means necessary it takes to get there. Freedom has only ever been achieved through resistance,” Within Our Lifetime said. The group is affiliated with student activists from the City University of New York (CUNY), the city’s massive public university system, which Jewish groups accuse of allowing widespread antisemitism on its campuses. Leaders of Within Our Lifetime delivered commencement speeches widely seen as antisemitic at CUNY’s law school the past two years, setting off an uproar that reached the national level, and led a rally last year where group activists beat a Jewish man on a city street. Activists endorsing the group’s message included groups from CUNY’s Brooklyn College, Hunter College, and CUNY Law. New York Governor Kathy Hochul called the planned rally “abhorrent and morally repugnant.” The leader of the white supremacist National Justice political organization applauded the Palestinians for “taking bold and courageous action,” and the leader of the antisemitic Goyim Defense League said, “Palestinians are killing the synagogue of Satan. God bless these brave men of Palestine.” Antisemitic rhetoric and conspiracy theories have also spiked online and on messaging apps, the Anti-Defamation League said. Anti-Israel rallies were announced in close to 20 other cities in the US, Canada and Europe, including at Israeli consulates and embassies in San Francisco, Atlanta and London. A group of protesters marched through New York City’s Grand Central Station on Saturday carrying signs that read, “Resistance is justified.” Demonstrators in Toronto celebrated the attacks with chants of “Free Palestine.” The New York City chapter of the Democratic Socialists of America political party backed Sunday’s Times Square rally, expressing “solidarity with the Palestinian people and their right to resist.” The international Palestinian Youth Movement celebrated the attacks in a series of posts, saying, “We continue to stand alongside our people in Gaza and across occupied Palestine in their legitimate resistance.” The far-left Jewish Voice for Peace said, “Israeli apartheid and occupation — and United States complicity in that oppression — are the source of all this violence.” “Inevitably, oppressed people everywhere will seek — and gain — their freedom,” the group said, without mentioning Hamas or terror. Jewish groups including Club Z and Yad Yamin announced a pro-Israel rally outside UN Headquarters in New York City on Sunday afternoon, and events in the Bay Area, Charlotte and Los Angeles. Israeli activists in the US against the judicial overhaul in Israel launched a crowdfunding campaign to assist residents of southern Israel, leveraging a network of thousands they have built up during protest organizing. All protest activities were suspended. The funds will go to medical, psychological and physical support for the victims, the campaign said. “We join hands to support the needs of Israelis under attack. This is what we can do from here now,” organizers said. With some flights to Israel canceled, the activists were also organizing local hosts who can house Israelis who are unable to return home. Organizers from the UnXeptable protest group urged Israelis who are in the US and need assistance to contact them. An open support meeting took place at the Jewish Community Center of Manhattan and an impromptu vigil was held during an event meant to celebrate the Simhat Torah holiday in Brooklyn on Saturday. Amid the tensions, New York State and New York City police stepped up their protection of Jewish communities and synagogues, Hochul said. There were no known threats to New York Jews, Hochul said, adding that local authorities were in touch with the FBI and other federal partners after the terror onslaught in Gaza. Jews are targeted in hate crimes in New York City far more than any other group. New York lit up landmarks across the state in blue and white to express solidarity for Israel. Leaders including Hochul, New York City Mayor Eric Adams, members of Congress and city political figures condemned the attacks and vowed support for Israel and the Jewish community. The Secure Community Network, which coordinates security for Jewish communities in North America, urged vigilance but said there were no known threats to US Jews related to the terror in Israel. The group said it was coordinating security measures with law enforcement and other partners. “SCN recommends Jewish facilities review and enforce security protocols, and maintain coordination with law enforcement,” the group said. Germany and France also reinforced security around Jewish sites. Some supporters of the Palestinians took to the streets of Berlin to celebrate the attack. The Metropolitan Police in London reported “a number of incidents” related to the violence in Israel and increased patrols across the city. "
The Times of Israel,15 October 2023,"‘Where is the military?’: Civilian air medics jumped into action amid fighting, no GPS  ",Hamas Attack / Hamas Operations,https://www.timesofisrael.com/where-is-the-military-civilian-air-medics-jumped-into-action-amid-fighting-no-gps/,"A medivac pilot recounts harrowing details of flying military-grade air ambulance missions after Hamas massacred Israelis on Saturday; casualties outstripped IDF resources. Michael Shamai, 36, was finishing his last working shift as a helicopter medical rescue pilot in the south before his scheduled return home, when he got a Saturday morning call to evacuate two casualties from Kibbutz Revivim, near Israel’s border with the Gaza Strip. Emerging from a bomb shelter in Sde Teiman Airfield, Shamai said he assumed that he and other medics were being called to evacuate injured from the ongoing rocket barrage that morning, “which bothers me less than what actually happened,” he said. En route, his team discovered the men were injured by gunfire. Shamai’s Sikorsky S-76 helicopter was designed to fly executives in comfort, not to withstand light arms or missile fire. The former Israeli Air Force pilot knew that an armed attack was only one of his team’s challenges, the second being the level of medical care a civilian EMS service could provide versus superior resources attending a military medivac. Realizing one of the two injured civilians was in critical condition, Shamai radioed to check a time frame for when a military helicopter could arrive. The answer he received, he said, was: “There aren’t any, you’re alone, there’s no military helicopter coming.” At 11 a.m., after he picked up the wounded, Shamai’s request to land was refused by the nearby Soroka Medical Center, on the grounds that the hospital was “closed because it’s full of injured people and if you land here, there is no one to take care of them.” On the way to Jerusalem’s Hadassah Ein Kerem Hospital, one of his injured passengers died. It was the first of several sorties that Shamai — and two other civilian air evacuation helicopters operated by a private company on behalf of Magen David Adom — flew in the first critical hours of Hamas’s devastating terror attack against Israel, which claimed the lives of some 1,000 people, the vast majority of them civilians, and wounded more than 3,000. In the days since, the toll has swelled to more than 1,300 dead. Amid confusion and overtaxing demand on military resources, Israel’s tiny fleet of civilian air ambulance services jumped into action to fly military-grade medical rescue missions, beginning from the first hours of the attack, which started at 6:30 a.m. on Saturday. Israel’s most catastrophic single-day mass casualty event in its 75-year history, Hamas’s terror attack caught security forces by surprise, and it took the Israel Defense Forces critical time to spin up. And even then, an Air Force overwhelmed by the unprecedented number of injured, contending with competing missions, was stretched to provide timely service. For two days, civilian air ambulance services helped fill the gap, according to Sharon Shiloh, a senior adviser to Brook Aviation, which is the operator for Magen David Adom’s two-helicopter ambulance fleet. Explaining Brook’s decision to send their air teams to the front lines, former Israeli Air Force pilot Shiloh, 61, said that the private company jumped in to fill a demand gap, not a skills one. “It’s not inability, [the military] had so many missions,” said Shiloh, who coordinated among Brook, Magen David Adom and the Air Force. “And they have other missions other than medical evacuation missions. There was so much need, we had 3,000 wounded soldiers and civilians.” Shiloh said that Brook is currently the only civilian medical airlift operator regularly dispatched by Magen David Adom in Israel, and under normal circumstances, one helicopter each in the country’s northern and southern regions is enough to fulfill the mission. Even in peacetime, the military generally flies more complicated cases. A spokesperson for Magen David Adom did not respond to a request for verification. Hebrew daily The Marker has previously reported that Magen David Adom has not dispatched available medivac helicopters from providers Lahak and United Hatzalah since March 2023, following a lawsuit between Magen David Adom and Lahak. A spokesperson for United Hatzalah told The Times of Israel that Lahak-United Hatzalah teams flew their two helicopters on nine sorties on October 7 — their first non-private missions in seven months — out of what the representative called “sheer need” from an overwhelming number of answered calls. As Israelis struggled to understand the full scope of the attack unfolding on Saturday morning, Shamai, grappling with the fact that he was now flying military-grade medical rescue missions, braced himself. For his second mission, shortly after refueling from his Jerusalem drop-off, he was called to Kibbutz Mabuim, where many injured were being gathered near the Gaza border. “It’s clear to me that what we’re doing now is dangerous. On the other hand, the reason I continue is that even if we do nothing, it’s dangerous,” Shamai said. With reports and social media posts flowing in showing that terrorists had infiltrated nearby Kibbutz Be’eri and the IDF’s base at Re’im, and were massacring civilians at a music festival in Re’im’s countryside, Shamai said that “at some point, I felt safer in the air, in the helicopter, than on the ground in Sde Teiman, three minutes from hostages in Be’eri and Re’im.” Picking up two soldiers, “each ridden with bullets,” Shamai said, “At this point, I ask myself, where is the military?” “I’m a small helicopter taking two injured, and there are military helicopters which if they fire a missile at them, they can divert it, they are made of materials that can absorb gunfire,” Shamai said, pointing out that if his air ambulance took a hit, it would likely crash. In addition, his aircrew, including Magen David Adom paramedics, were flying unarmed, without helmets and flak jackets. Shortly after their airlift took off, one of the paramedics who helped board the injured soldiers was himself shot by terrorists, Shamai said. “That means when we landed in Revivim it wasn’t over, the terrorists were still there.” Shiloh said that Brook made the decision to send their civilian pilots close to the front lines, despite the personal danger it posed to the aircrews. “Israel is not an NBA team. We can only lose once,” he said, by way of explanation for contributing to the burgeoning war effort. Upon receiving his third mission of the day, to pick up casualties at Bnei Netzarim, Shamai said he told his supervisor, “Wait a second, it’s very close to Gaza. I asked, ‘Is there no military helicopter that can fly there? It’s already 4 p.m.’ He said ‘no.'” Flying to Bnei Netzarim, Shamai picked up a soldier and a civilian who had been injured in the morning, waiting for hours for evacuation. “Each time that I asked for a military helicopter to do our evacuation, from our understanding that the evacuation was at its core a military mission and not a civilian one, that was the answer I got,” directly from the Air Force. “I personally had to make a decision, whether I would let the injured wait until there is a military helicopter or if I’m doing it,” Shamai said. He flew onward. Further complicating the process, Shamai said he flew without GPS assistance, saying that Israel jammed satellite positioning, to thwart terrorist maneuvering inside of Israeli territory. “We’re navigating like back in the day with a map, from the border of Gaza and Egypt” to Tel Aviv’s Ichilov Hospital. Landing in Tel Aviv, Shamai said they had to carry the wounded down flights of stairs on stretchers, with rocket barrages blaring in the background, because of an elevator malfunction. In response to the the overwhelming number of wounded requiring air evacuation, Brook converted an executive transfer helicopter to an air ambulance, to briefly increase its fleet to three. On Monday, shrapnel from a rocket hit one of the helicopter’s rotor blades and grounded the craft, Shiloh said. “The pilots threw themselves over the wounded people to protect them,” he said, during the Ashkelon rocket hit. The strategic adviser estimates that of the about 200 to 250 total medivac missions that he was aware of during the first two days of what has developed into an Israel-Gaza war, the Brook-Magen David Adom team flew about two dozen missions to evacuate more than 50 wounded civilians and soldiers. Alongside Shamai in the cockpit was an Ecuadorian pilot, who does not hold Israeli citizenship. Like Shamai, Jorge Ordoñez, 57, has decided to stay in wartime Israel and keep flying air evacuation missions. “Somehow, I felt in my veins I was another Israeli citizen, and I had a mission to do, no matter what it takes, as long as I save lives,” Ordoñez said. “I am honored and privileged to be here and continuing to work day by day, with the most brave and resilient people,” he said, praising the airborne medical teams, some of whose colleagues are thought to be held hostage in Gaza. Ready to keep sitting next to him in the cockpit, Shamai said that: “I canceled my return ticket to Germany, my girlfriend is worried and sad, but she also gets it. And in the meantime, I am here, until it’s clear that the situation is stable and I don’t need to be here anymore.” "
The Times of Israel,22 October 2023,"Two weeks after Hamas massacre, volunteers still searching ashes of ravaged Be’eri  ",Hamas Attack / Hamas Operations,https://www.timesofisrael.com/two-weeks-after-hamas-massacre-volunteers-still-searching-ashes-of-ravaged-beeri/,"Some 20% of kibbutz’s residents killed, abducted or declared missing following Oct. 7 onslaught; forensic teams combing through rubble to find answers for devastated families. BE’ERI — A team of about 20 forensic volunteers continued Sunday to sort through the wreckage of Kibbutz Be’eri, which just two weeks before had been a thriving community of about 1,100, before Hamas killed or kidnapped almost one-fifth of its residents during the terror group’s devastating October 7 assault. The bodies of some 108 of Be’eri’s residents murdered during the attack have been largely retrieved by volunteers from ZAKA, a group that handles human remains after terror attacks and other disasters, and 70 more residents are missing or have been abducted into the Gaza Strip. However, 15 days after the carnage that decimated the agricultural community and left many of its homes in ruins, ZAKA’s forensic teams remain, diligently sifting through the rubble to give certainty to distraught families of missing people. “We haven’t gotten to all of them,” said ZAKA volunteer Yossi Landau, standing between a bullet-ridden home with a collapsed roof and the porous fence separating Be’eri from its fields. Dust blew over him as he spoke. Deeper within the kibbutz was Haim Otmazgin, a reserve commander in the Israel Defense Forces’ Home Front Command, who has been at Be’eri since the day after the attack and is still overseeing ZAKA’s forensic work. Counting homes on a mobile map, Otmazgin estimates that his team has already combed through a third of the private residences. “Today it’s a flower garden compared to what it was in the beginning. This round of searches is quieter, we’re looking for small things,” he said. His team members, speaking over the drone of a car alarm that none of them have figured out how to silence, note that ZAKA continues to find pieces of human remains. Having had the time to feel the strands of the kibbutz’s once-vibrant life rather than just the echoes of its death, Otmazgin said that he cannot shake off encounters with casually strewn personal effects, reminders of the people who are gone. “They yell ‘Come back, come back,'” he said. “I think that the object doesn’t know that its owners have left.” All around Be’eri, children’s toys are scattered across lawns, and at least one home has a downed treehouse. A single rollerblade lies on the sidewalk. Sitting next to the front door of a burned-out home is a sign that reads “new driver,” next to a melted plastic food container and a charred tube of sunscreen. VHS tapes of vintage home movies are piled on the floor, knocked down from their shelf. Bullet holes pierce refrigerator doors, between magnets with family photos. Otmazgin said he thinks ZAKA’s teams will need until mid-week to complete their sweeps. As of Sunday, police say the bodies of 769 civilians, among the 1,400 people killed in Hamas’s October 7 onslaught, have been identified.  "
BBC,7 October 2023,Hamas blindsides Israel with most serious attack in a generation,Hamas Attack / Hamas Operations,https://www.bbc.com/news/world-middle-east-67041679,
BBC,9 October 2023,Why did it take Israel so long to deal with Hamas's attack from Gaza?,Israeli Response,https://www.bbc.com/news/world-middle-east-67056987,
BBC,28 October 2023,Gaza sees heaviest night of Israeli bombardment since start of war,Israeli Response,https://www.bbc.com/news/world-middle-east-67248320,
BBC,26 October 2023,Reconnaissance by fire' - What Israel's Gaza raid tells us  ,Israeli Response,https://www.bbc.com/news/world-middle-east-67226021,
BBC,12 October 2023,Israel targets Hamas’s labyrinth of tunnels under Gaza,Israeli Response,https://www.bbc.com/news/world-middle-east-67097124,
BBC,26 October 2023,Gaza hospital blast: What does new analysis tell us?,Humanitarian,https://www.bbc.com/news/world-middle-east-67216929,
BBC,9 October 2023,"Israelis, united in shock, rally behind war to punish Hamas",Israeli Response,https://www.bbc.com/news/world-middle-east-67056981,
BBC,25 October 2023,Israelis and Palestinians fear worst to come after Gaza violence,Humanitarian,https://www.bbc.com/news/world-middle-east-67219256,
BBC,7 October 2023,"Hamas attack shocks Israel, but what comes next?  ",Hamas Attack / Hamas Operations,https://www.bbc.com/news/world-middle-east-67043563,
BBC,28 October 2023,"Israel has no plan for Gaza after war ends, experts warn",Israeli Response,https://www.bbc.com/news/world-middle-east-67248457,
BBC,10/10/2023,Where do we go?' - Nowhere safe in Gaza as Israeli strikes intensify,Humanitarian,https://www.bbc.com/news/world-middle-east-67065341,
BBC,9 October 2023,Israel's military says it fully controls communities on Gaza border  ,Israeli Response,https://www.bbc.com/news/world-middle-east-67050127,
BBC,17 October 2023,Dozens killed as Israeli strikes hit southern Gaza refuge areas  ,Humanitarian,https://www.bbc.com/news/world-middle-east-67133803,
BBC,7 October 2023,"Israel faces 'long, difficult war' after Hamas attack from Gaza",Israeli Response,https://www.bbc.com/news/world-middle-east-67044182,
BBC,26 October 2023,UN agencies reduce Gaza aid operations as fuel runs out,Humanitarian,https://www.bbc.com/news/world-middle-east-67227534,
BBC,9 October 2023,US moves warships closer to Israel after Hamas attack,International Response,https://www.bbc.com/news/world-us-canada-67049196,
BBC,10/18/202310/26/2023,Israel’s calculations before going into Gaza,Israeli Response,https://www.bbc.com/news/world-middle-east-67146159,
BBC,10/31/2023,Israel air strike reportedly kills dozens at Gaza refugee camp,Humanitarian,https://www.bbc.com/news/world-middle-east-67276822,
BBC,21 October 2023,UN agencies call for Gaza ceasefire as aid arrives,International Response,https://www.bbc.com/news/world-middle-east-67185096,
BBC,10/8/2023,Gaza hospital deluged as Israel retaliation kills and wounds hundreds,Humanitarian,https://www.bbc.com/news/world-middle-east-67045078,
BBC,13 October 2023,How would an Israeli ground assault on Gaza unfold?  ,Israeli Response,https://www.bbc.com/news/world-middle-east-67100036,
BBC,21 October 2023,Gaza neighbourhood flattened and hospital told to evacuate,Humanitarian,https://www.bbc.com/news/world-middle-east-67180844,
BBC,8 October 2023,Israeli forces fight to drive out Hamas militants as death toll passes 600  ,Israeli Response,https://www.bbc.com/news/world-middle-east-67045138,
BBC,"Oct 10, 2023",Inside Kfar Aza where Hamas militants killed families in their homes,Hamas Attack / Hamas Operations,https://www.bbc.com/news/world-middle-east-67065205,
BBC,23 October 2023,"Some Gazans returning to north despite risks, UN says  ",Humanitarian,https://www.bbc.com/news/world-middle-east-67194485,
BBC,9 October 2023,"Gaza 'soon without fuel, medicine and food' - Israel authorities  ",Humanitarian,https://www.bbc.com/news/world-middle-east-67051292,
BBC,22 October 2023,Israel carries out air strike on West Bank city Jenin  ,Israeli Response,https://www.bbc.com/news/world-middle-east-67186178,
BBC,30 October 2023,Tank seen on key Gaza road as Israeli forces push deeper into north ,Israeli Response,https://www.bbc.com/news/world-middle-east-67261366,
BBC,13 October 2023,"Fuel reserves at Gaza hospitals likely to run out in 24 hours, UN warns  ",Humanitarian,https://www.bbc.com/news/live/world-middle-east-67108364,
BBC,7 October 2023,PM says Israel at war after 250 killed in attack from Gaza,Hamas Attack / Hamas Operations,https://www.bbc.com/news/world-middle-east-67036625,
BBC,14 October 2025,What is Hamas and why is it fighting with Israel in Gaza?  ,Hamas Attack / Hamas Operations,https://www.bbc.com/news/articles/clyv7w3gdy2o,
BBC,12 October 2023,"Egypt warned Israel days before Hamas struck, US committee chairman says  ",Hamas Attack / Hamas Operations,https://www.bbc.com/news/world-middle-east-67082047?utm_source=chatgpt.com,
BBC,20 October 2023,Judith and Natalie Raanan: Hamas frees two US hostages,Hostages,https://www.bbc.com/news/world-us-canada-67177249,
BBC,7 October 2023,How did Israeli intelligence fail to stop major attack from Gaza?,Hamas Attack / Hamas Operations,https://www.bbc.com/news/world-middle-east-67040221,
BBC,1 Nov 2023,What is the Rafah crossing and why is it Gaza's lifeline?,Humanitarian,https://www.bbc.com/news/world-middle-east-67121372,
BBC,9 October 2023,Israeli music festival: 260 bodies recovered from site where people fled in hail of bullets,Hamas Attack / Hamas Operations,https://www.bbc.com/news/world-middle-east-67047034,
BBC,31 October 2023,Strikes on south Gaza: BBC verifies attacks in areas of ‘safety’,Humanitarian,https://www.bbc.com/news/world-middle-east-67264703,
BBC,26 October 2023,Israel Gaza: EU leaders set to discuss humanitarian pauses  ,International Response,https://www.bbc.com/news/world-europe-67216072,
BBC,16 October 2023,Strike on civilian convoy fleeing Gaza: What we know from verified video  ,Humanitarian,https://www.bbc.com/news/world-middle-east-67114281,
BBC,16 October 2023,We are not leaving' - The families who won't evacuate Gaza City  ,Humanitarian,https://www.bbc.com/news/world-middle-east-67127567,
BBC,12 October 2023,Israel sends soldiers to north fearing attack from Hezbollah in Lebanon  ,Israeli Response,https://www.bbc.com/news/world-middle-east-67087828,
BBC,24 October 2023,"I went through hell, says elderly hostage released by Hamas",Hostages,https://www.bbc.com/news/world-middle-east-67204479,
BBC,17 October 2023,"In Gaza, wounded children with no surviving family",Humanitarian,https://www.bbc.com/news/world-middle-east-67121414,
BBC,15 October 2023,One week in Gaza: 'There are no safe places here'  ,Humanitarian,https://www.bbc.com/news/world-middle-east-67116407,
BBC,16 October 2023,Israel evacuates communities near Lebanon border amid fears of escalation  ,Humanitarian,https://www.bbc.com/news/world-middle-east-67121831,
BBC,10 October 2023,"A lot of adrenaline, a lot of unknowns': Reservists flock to join Israel's fight  ",Israeli Response,https://www.bbc.com/news/world-middle-east-67067595,
BBC,19 October 2023,"The world is losing its humanity, UNRWA chief says  ",International Response,https://www.bbc.com/news/world-middle-east-67156865,
BBC,1 November 2023,Rafah crossing: First Britons leave Gaza but others face nervous wait  ,Humanitarian,https://www.bbc.com/news/uk-67283335,
BBC,11 October 2023,"Every Hamas member is a dead man, Netanyahu says  ",Israeli Response,https://www.bbc.com/news/world-middle-east-67082351,
BBC,23 October 2023,Rishi Sunak says Al-Ahli hospital blast likely caused by missile from Gaza  ,International Response,https://www.bbc.com/news/uk-67198938,
BBC,26 October 2023,EU calls for 'corridors and pauses' for humanitarian aid,International Response,https://www.bbc.com/news/world-europe-67234942,
BBC,25 October 2023,Humanity blasted and broken: Gaza through a medic's eyes  ,Humanitarian,https://www.bbc.com/news/world-middle-east-67223273,
BBC,16 October 2023,Rafah crossing: Thousands of people arrive at Gaza-Egypt border,Humanitarian,https://www.bbc.com/news/world-middle-east-67124768,
BBC,19 October 2023,"Gaza hospital: What video, pictures and other evidence tell us about Al-Ahli hospital blast  ",Humanitarian,https://www.bbc.com/news/world-middle-east-67144061,
BBC,21 October 2023,Arab leaders reject forced displacement of Palestinians,International Response,https://www.bbc.com/news/world-middle-east-67181514,
BBC,12 Oct 2023,"Gaza hospitals risk turning into morgues, Red Cross says  ",Humanitarian,https://www.bbc.com/news/world-middle-east-67087035,
BBC,11 October 2023,Hamas Israel attacks: Hertfordshire village community left frightened  ,Hamas Attack / Hamas Operations,https://www.bbc.com/news/uk-england-beds-bucks-herts-67066577,
BBC,17 October 2023,Why Egypt remains reluctant to open Rafah crossing to Gaza  ,International Response,https://www.bbc.com/news/world-middle-east-67133675,
BBC,20 October 2023,Palestinians under attack as Israeli settler violence surges in the West Bank  ,Humanitarian,https://www.bbc.com/news/world-middle-east-67173344,
BBC,12 October 2023,Bodies line corridors as Gaza hospital warns it's at breaking point  ,Humanitarian,https://www.bbc.com/news/world-middle-east-67095483,
Al Jazeera,16 Oct 2023,Gaza’s dire humanitarian crisis explained  ,Humanitarian,https://www.aljazeera.com/news/2023/10/16/gazas-dire-humanitarian-crisis-explained,
Al Jazeera,7 Oct 2023,What happened in Israel? A breakdown of how Hamas attack unfolded  ,Hamas Attack / Hamas Operations,https://www.aljazeera.com/news/2023/10/7/what-happened-in-israel-a-breakdown-of-how-the-hamas-attack-unfolded,
Al Jazeera,19 Oct 2023,Israel’s ‘war against Gaza’s children’ explained  ,Humanitarian,https://www.aljazeera.com/news/2023/10/19/israels-war-against-gazas-children-explained,
Al Jazeera,7 Oct 2023,Israel retaliation kills 230 Palestinians after Hamas operation  ,Humanitarian,https://www.aljazeera.com/news/2023/10/7/sirens-warn-of-rockets-launched-towards-israel-from-gaza-news-reports,
Al Jazeera,24 Oct 2023,"More than 700 killed in overnight Israeli attacks, Gaza officials say  ",Humanitarian,https://www.aljazeera.com/news/2023/10/24/more-than-700-killed-in-overnight-israeli-attacks-gaza-officials-say,
Al Jazeera,25 Oct 2023,Gaza needed billions in aid before Israel-Hamas war: UN  ,Humanitarian,https://www.aljazeera.com/news/2023/10/25/gaza-will-need-bilions-in-aid-to-compensate-for-years-of-blockade-un,
Al Jazeera,9 Oct 2023,‘Israel doesn’t care about collateral damage’: Bunker busters used in Gaza  ,Humanitarian,https://www.aljazeera.com/news/2023/10/9/israel-doesnt-care-about-collateral-damage-bunker-busters-used-in-gaza,
Al Jazeera,12 Oct 2023,"Israel says 6,000 bombs dropped on Gaza as war with Hamas nears a week",Israeli Response,https://www.aljazeera.com/news/2023/10/12/israel-says-6000-bombs-dropped-on-gaza-as-war-with-hamas-nears-a-week,
Al Jazeera,27 Oct 2023,UNGA calls for humanitarian truce in Israel-Gaza war: How countries voted,International Response,https://www.aljazeera.com/news/2023/10/27/unga-calls-for-humanitarian-truce-in-israel-hamas-war-how-countries-voted,
Al Jazeera,30 Oct 2023,Israeli forces move further into Gaza as Netanyahu declares ‘time for war’  ,Israeli Response,https://www.aljazeera.com/news/2023/10/30/israeli-forces-move-further-into-gaza-as-netanyahu-declares-time-for-war,
Al Jazeera,13 Oct 2023,"Israel using white phosphorus in Gaza, Lebanon, endangering civilians: HRW  ",Humanitarian,https://www.aljazeera.com/news/2023/10/13/israel-using-white-phosphorus-in-gaza-lebanon-endangering-civilians-hrw,
Al Jazeera,15 Oct 2023,Iran warns Israel of regional escalation if Gaza ground offensive launched,International Response,https://www.aljazeera.com/news/2023/10/15/iran-warns-israel-of-regional-escalation-if-gaza-ground-offensive-launched,
Al Jazeera,17 Oct 2023,Will Israel actually allow much-needed aid into Gaza?,Humanitarian,https://www.aljazeera.com/news/2023/10/17/will-israel-actually-allow-much-needed-aid-into-gaza,
Al Jazeera,17 Oct 2023,Even refugee camps aren’t safe from Israeli bombs in Gaza  ,Humanitarian,https://www.aljazeera.com/news/2023/10/17/even-refugee-camps-arent-safe-from-israeli-bombs-in-gaza,
Al Jazeera,17 Oct 2023,Israel could be in breach of global law with Gaza relocation order: UN  ,International Response,https://www.aljazeera.com/news/2023/10/17/israel-could-be-in-breach-of-global-law-with-gaza-relocation-order-un,
Al Jazeera,13 Oct 2023,Israel orders 1.1 million people in Gaza to move south: What to know   ,Humanitarian,https://www.aljazeera.com/news/2023/10/13/israel-orders-1-1-million-people-in-gaza-to-move-south-what-to-know,
Al Jazeera,10 Oct 2023,At least six Palestinian journalists killed as Israel bombs Gaza  ,Humanitarian,https://www.aljazeera.com/news/2023/10/10/at-least-six-palestinian-journalists-killed-in-israeli-strikes-on-gaza,
Al Jazeera,9 Oct 2023,‘Dozens’ of civilians being held hostage by Hamas: Israeli military,Hostages,https://www.aljazeera.com/news/2023/10/9/dozens-of-israelis-being-held-hostage-by-hamas-israeli-military-says,
Al Jazeera,10 Oct 2023,What to know about the deadly Hamas attack on an Israeli music festival,Hamas Attack / Hamas Operations,https://www.aljazeera.com/news/2023/10/10/what-to-know-about-deadly-hamas-attack-on-the-israeli-music-festival,
Al Jazeera,7 Oct 2023,Israel flattens Palestine Tower amid deadly Gaza bombardment,Israeli Response,https://www.aljazeera.com/news/2023/10/7/israel-flattens-palestine-tower-amid-deadly-gaza-bombardment,
Al Jazeera,16 Oct 2023,Humanitarian aid stuck at Gaza border as WHO warns of ‘catastrophe’  ,Humanitarian,https://www.aljazeera.com/news/2023/10/16/humatarian-aid-stuck-at-gaza-border-as-who-warns-of-catastrophe,
Al Jazeera,14 Oct 2023,The Gaza medics who won’t give in to Israel’s evacuation demand  ,Humanitarian,https://www.aljazeera.com/news/2023/10/14/the-gaza-medics-who-wont-give-in-to-israels-evacuation-demand,
Al Jazeera,20 Oct 2023,Israel bombs Greek Orthodox Gaza church sheltering displaced people  ,Humanitarian,https://www.aljazeera.com/news/2023/10/20/war-crime-israel-bombs-gaza-church-sheltering-displaced-people,
Al Jazeera,27 Oct 2023,Israel intensifies Gaza bombardment as internet and phone services go down  ,Israeli Response,https://www.aljazeera.com/news/2023/10/27/israel-intensifies-gaza-bombardment-as-internet-and-phone-services-go-down,
Al Jazeera,23 Oct 2023,How Israeli bombing turned Gaza’s desperate situation into a ‘catastrophe’  ,Humanitarian,https://www.aljazeera.com/news/2023/10/23/how-israeli-bombing-turned-gazas-desperate-situation-into-a-catastrophe,
Al Jazeera,27 Oct 2023,"As the UN votes on the Israel-Gaza war, Palestine can only observe  ",International Response,https://www.aljazeera.com/news/2023/10/27/as-the-united-nations-votes-on-gaza-palestine-can-only-observe,
Al Jazeera,23 Oct 2023,"Gaza death toll tops 5,000, nearly half of them children: Officials  ",Humanitarian,https://www.aljazeera.com/news/2023/10/23/gaza-death-toll-exceeds-5000-as-israel-continues-daily-bombardments,
Al Jazeera,8 Oct 2023,There is nothing surprising about Hamas’s operation  ,Hamas Attack / Hamas Operations,https://www.aljazeera.com/opinions/2023/10/8/there-is-nothing-surprising-about-hamass-operation,
Al Jazeera,13 Oct 2023,Dozens killed while fleeing Gaza homes as Israel conducts ground raids  ,Humanitarian,https://www.aljazeera.com/news/2023/10/13/dozens-killed-while-fleeing-gaza-homes-as-israel-conducts-ground-raids,
Al Jazeera,9 Oct 2023,Is ‘total’ Gaza blockade a collective punishment against Palestinians?  ,Humanitarian,https://www.aljazeera.com/news/2023/10/9/is-total-gaza-blockade-a-collective-punishment-against-palestinians,
Al Jazeera,11 Oct 2023,Analysis: Why did Hamas attack now and what is next?  ,Hamas Attack / Hamas Operations,https://www.aljazeera.com/features/2023/10/11/analysis-why-did-hamas-attack-now-and-what-is-next,
Al Jazeera,24 Oct 2023,Qatari emir says Israel should not be given ‘free licence to kill’ in Gaza,International Response,https://www.aljazeera.com/news/2023/10/24/qatari-emir-says-israel-should-not-be-given-free-license-to-kill-in-gaza,
Al Jazeera,25 Oct 2023,"As US resists ceasefire calls, what is Biden’s endgame in Gaza?",International Response,https://www.aljazeera.com/news/2023/10/25/as-us-resists-ceasefire-calls-what-is-bidens-endgame-in-gaza,
Al Jazeera,24 Oct 2023,"No one is left to mourn in Gaza, as Israel’s bombs deliver daily death  ",Humanitarian,https://www.aljazeera.com/news/2023/10/24/no-one-is-left-to-mourn-in-gaza-as-israels-bombs-deliver-daily-death,
Al Jazeera,28 Oct 2023,‘So world knows’: Gaza parents mark children’s names on bodies amid bombing ,Humanitarian,https://www.aljazeera.com/news/2023/10/28/so-world-knows-gaza-parents-mark-childrens-names-on-bodies-amid-bombing,
Al Jazeera,24 Oct 2023,UN chief says ‘clear violations of international humanitarian law’ in Gaza,Humanitarian,https://www.aljazeera.com/news/2023/10/24/un-chief-says-clear-violations-of-international-humanitarian-law-in-gaza,
Al Jazeera,29 Oct 2023,"Palestinians break into Gaza UN aid warehouses as toll tops 8,000  ",Humanitarian,https://www.aljazeera.com/news/2023/10/29/palestinians-break-into-gaza-un-aid-warehouses-in-a-sign-of-desperation,
Al Jazeera,17 Oct 2023,"Israel bombs homes in southern Gaza, kills more than 70 people  ",Humanitarian,https://www.aljazeera.com/news/2023/10/17/israel-bombs-homes-in-southern-gaza-kills-more-than-70-people,
Al Jazeera,10 Oct 2023,Hamas says will kill hostages if Israeli attacks on Gaza civilians continue ,Hostages,https://www.aljazeera.com/news/2023/10/10/hamas-says-will-kill-hostages-if-israeli-attacks-on-gaza-civilians-continue,
Al Jazeera,9 Oct 2023,Rafah crossing between Gaza and Egypt disrupted by Israeli air raids  ,Humanitarian,https://www.aljazeera.com/news/2023/10/9/rafah-crossing-between-gaza-and-egypt-disrupted-by-israeli-air-raids,
Al Jazeera,18 Oct 2023,"Biden arrives in Tel Aviv, backs Israel’s narrative on Gaza hospital strike  ",International Response,https://www.aljazeera.com/news/2023/10/18/biden-arrives-in-tel-aviv-backs-israels-narrative-on-gaza-hospital-attack,
Al Jazeera,12 Oct 2023,At least 45 Palestinians killed in Israeli strike on Gaza refugee camp  ,Humanitarian,https://www.aljazeera.com/news/2023/10/12/at-least-45-palestinians-killed-in-israeli-strike-on-gaza-refugee-camp,
Al Jazeera,13 Oct 2023,"Israel’s evacuation order for Gaza ‘death sentence’ for patients, WHO says  ",Humanitarian,https://www.aljazeera.com/news/2023/10/13/israels-evacuation-order-for-gaza-death-sentence-for-patients-who-says,
Al Jazeera,14 Oct 2023,We will come from the ground’: Israel’s goals in a ground invasion of Gaza,Israeli Response,https://www.aljazeera.com/news/2023/10/14/we-will-come-from-the-ground-israels-goals-in-a-ground-invasion-of-gaza,
Al Jazeera,31 Oct 2023,"No privacy, no water: Gaza women use period-delaying pills amid Israel war  ",Humanitarian,https://www.aljazeera.com/news/2023/10/31/no-privacy-no-water-gaza-women-use-period-delaying-pills-amid-war,
Al Jazeera,12 Oct 2023,"Gaza medics say Israel targeting ambulances, health facilities  ",Humanitarian,https://www.aljazeera.com/news/2023/10/12/war-crime-gaza-medics-say-israel-targeting-ambulances-health-facilities,
Al Jazeera,8 Oct 2023,"US to hike military aid, send military ships and aircraft closer to Israel  ",International Response,https://www.aljazeera.com/news/2023/10/8/us-to-hike-military-aid-send-military-ships-and-aircraft-closer-to-israel,
Al Jazeera,31 Oct 2023,Gaza has become a ‘graveyard’ for children amid Israeli attacks: UN  ,Humanitarian,https://www.aljazeera.com/news/2023/10/31/gaza-has-become-a-graveyard-for-thousands-of-children-un,
Al Jazeera,8 Oct 2023,Israeli lawmaker blames pogroms against Palestinians for ‘terrible’ attacks  ,Hamas Attack / Hamas Operations,https://www.aljazeera.com/news/2023/10/8/israeli-lawmaker-blames-pogroms-against-palestinians-for-terrible-attacks,
Al Jazeera,9 Oct 2023,"Death toll soars to 1,300 as fighting between Hamas and Israel rages",Hamas Attack / Hamas Operations,https://www.aljazeera.com/news/2023/10/9/death-tolls-soar-as-fighting-between-israel-and-hamas-rages,
Al Jazeera,15 Oct 2023,Palestinians in Gaza can go to ‘tent cities’: Former Israeli minister  ,Humanitarian,https://www.aljazeera.com/news/2023/10/15/palestinians-in-gaza-can-go-to-tent-cities-former-israeli-minister,
Al Jazeera,18 Oct 2023,What we know so far about the deadly strike on a Gaza hospital  ,Humanitarian,https://www.aljazeera.com/news/2023/10/18/what-do-we-know-about-the-strike-on-the-hospital-in-gaza,
Al Jazeera,20 Oct 2023,Hamas releases two American hostages from Gaza after Qatari mediation,Hostages,https://www.aljazeera.com/news/2023/10/20/hamas-releases-two-american-hostages-from-gaza,
Al Jazeera,25 Oct 2023,Child casualties in Gaza a ‘stain on our conscience’: UNICEF  ,Humanitarian,https://www.aljazeera.com/news/2023/10/25/over-2000-children-killed-in-gaza-a-stain-on-our-collective-conscience,
Al Jazeera,24 Oct 2023,Gaza hospital generators to run out of fuel in 48 hours: Health Ministry  ,Humanitarian,https://www.aljazeera.com/news/2023/10/24/gaza-hospital-generators-to-run-out-of-fuel-in-48-hours-health-ministry,
Al Jazeera,25 Oct 2023,Starvation used as a ‘weapon of war’ in Gaza amid Israeli siege: Oxfam,Humanitarian,https://www.aljazeera.com/news/2023/10/25/starvation-used-as-a-weapon-of-war-on-civilians-in-gaza-oxfam,
Al Jazeera,14 Oct 2023,Gaza doctors warn of a humanitarian catastrophe after Israeli attacks  ,Humanitarian,https://www.aljazeera.com/news/2023/10/14/supplies-exhausted-doctors-exhausted-in-gaza-catastrophe-looms-large,
Al Jazeera,10 Oct 2023,"What we know: The number of foreigners killed, missing, abducted in Israel",Hamas Attack / Hamas Operations,https://www.aljazeera.com/news/2023/10/10/what-we-know-the-number-of-foreigners-killed-missing-abducted-in-israel,
Al Jazeera,11 Oct 2023,"What is Gaza Strip, the besieged Palestinian enclave under Israeli assault?   ",Humanitarian,https://www.aljazeera.com/news/2023/10/11/what-is-gaza-strip-the-besieged-palestinian-enclave-under-israeli-assault,
Al Jazeera,9 Oct 2023,Thousands of Gaza residents take refuge in UN schools from Israel air raids,Humanitarian,https://www.aljazeera.com/news/2023/10/9/thousands-of-gaza-residents-take-refuge-in-un-schools-from-israel-air-raids,
Fox News,"October 8, 2023","Israel declares war after Hamas surprise attack, launches retaliatory airstrikes in Gaza",Hamas Attack / Hamas Operations,https://www.foxnews.com/world/israel-strikes-hamas-gaza-surprise-attack-exchanges-fire-hezbollah,
Fox News,"October 9, 2023",Israel recaptures areas near the Gaza Strip overrun by Hamas,Israeli Response,https://www.foxnews.com/world/israel-recaptures-areas-near-gaza-strip-overrun-hamas,
Fox News,"October 7, 2023","Biden admin 'unequivocally' condemns terror group Hamas, says US 'stands with Israel'",International Response,https://www.foxnews.com/politics/biden-admin-unequivocally-condemns-terror-group-hamas-says-us-stands-israel,
Fox News,"October 7, 2023","At least 100 dead as Hamas launches unprecedented attack on Israel, Netanyahu says nation is 'at war'",Hamas Attack / Hamas Operations,https://www.foxnews.com/world/rocket-barrages-strike-southern-israel-operation-claimed-hamas,
Fox News,"October 8, 2023",Israeli ambassador calls Hamas attack on Israel ‘truly unprecedented’: ‘This is our 9/11’  ,Hamas Attack / Hamas Operations,https://www.foxnews.com/world/israeli-ambassador-calls-hamas-attack-israel-truly-unprecedented-9-11,
Fox News,"October 8, 2023",Videos of Hamas brutality toward Israelis eerily reminiscent of ISIS tactics  ,Hamas Attack / Hamas Operations,https://www.foxnews.com/world/videos-hamas-brutality-toward-israelis-eerily-reminiscent-isis-tactics,
Fox News,"October 8, 2023","US Navy moving warships, aircraft closer to Israel amid Hamas war",International Response,https://www.foxnews.com/world/us-navy-moving-warships-aircraft-closer-israel-hamas-war,
Fox News,"October 9, 2023",Harvard student organizations claim Israel 'entirely responsible' for Gaza attacks  ,International Response,https://www.foxnews.com/media/harvard-student-organizations-claim-israel-entirely-responsible-gaza-attacks,
Fox News,"October 9, 2023","Israel reveals scope of overnight siege on Gaza Strip, says more than 500 targets struck  ",Israeli Response,https://www.foxnews.com/world/israel-reveals-scope-overnight-siege-gaza-strip-says-more-500-targets-struck,
Fox News,"October 9, 2023",What is Hamas? An overview of the Islamic group that attacked Israel  ,Hamas Attack / Hamas Operations,https://www.foxnews.com/world/hamas-militant-islamic-group,
Fox News,"October 9, 2023",Families of Israelis feared kidnapped by Hamas terrorists speak out: 'We’re at home waiting to hug you'  ,Hostages,https://www.foxnews.com/world/families-israelis-feared-kidnapped-hamas-appeal-international-community-immediate-help,
Fox News,"October 9, 2023",Israeli military official shows scene of Hamas terror attack: This was a 'planned massacre'  ,Hamas Attack / Hamas Operations,https://www.foxnews.com/media/israeli-military-official-shows-scene-hamas-terror-attack-planned-massacre,
Fox News,"October 9, 2023",Hamas armed wing warns it will start killing Israeli hostages for any new bombing of homes without warning  ,Hostages,https://www.foxnews.com/world/hamas-armed-wing-warns-start-killing-israeli-hostages-bombing-homes-warning,
Fox News,"October 10, 2023","Israel launches massive airstrikes on downtown Gaza City, Netanyahu says: 'We have only started'  ",Israeli Response,https://www.foxnews.com/world/israel-launches-massive-airstrikes-downtown-gaza-city-netanyahu-says-we-have-only-started,
Fox News,"October 10, 2023",Israeli music festival survivor describes horror of Hamas-led attack that left 260 dead  ,Hamas Attack / Hamas Operations,https://www.foxnews.com/world/israeli-music-festival-survivor-describes-horror-hamas-led-attack-left-260-dead,
Fox News,"October 10, 2023","At least 40 babies, some beheaded, found by Israel soldiers in Hamas-attacked village ",Hamas Attack / Hamas Operations,https://www.foxnews.com/world/40-babies-some-beheaded-found-israel-soldiers-hamas-attacked-village,
Fox News,"October 10, 2023","Biden shuns calls to de-escalate, vows US 'has Israel's back' as it prepares for ground war with Hamas  ",International Response,https://www.foxnews.com/politics/biden-shuns-calls-de-escalate-vows-us-israel-back-prepares-ground-war-hamas,
Fox News,"October 10, 2023",Israel ambassador slams UN council's statement criticizing Israel: 'How many murdered Jews does it take?'  ,International Response,https://www.foxnews.com/world/israel-ambassador-slams-un-councils-statement-criticizing-israel-many-murdered-jews-take,
Fox News,"October 11, 2023",Israel's defense minister removes 'every restriction' as IDF prepares ground assault in Gaza  ,Israeli Response,https://www.foxnews.com/world/israels-defense-minister-removes-every-restriction-idf-prepares-ground-assault-gaza,
Fox News,"October 12, 2023",Senior Hamas official admits Israel attacks had been planned for years under guise of governing Gaza  ,Hamas Attack / Hamas Operations,https://www.foxnews.com/world/senior-hamas-official-admits-israel-attacks-planned-years-guise-governing-gaza,
Fox News,"October 12, 2023",Israeli PM's office releases graphic photos purporting to show Hamas 'murdered and burned' babies  ,Hamas Attack / Hamas Operations,https://www.foxnews.com/world/israeli-pms-office-releases-graphic-photos-purporting-show-hamas-murdered-burned-babies,
Fox News,"October 13, 2023",Israel warns civilians in northern Gaza to evacuate from area within 24 hours: 'For your safety'  ,Humanitarian,https://www.foxnews.com/world/israel-warns-civilians-northern-gaza-evacuate-area-24-hours-safety,
Fox News,"October 13, 2023",IDF fighter jets struck 750 Hamas military targets overnight in the northern Gaza Strip  ,Israeli Response,https://www.foxnews.com/world/idf-fighter-jets-struck-750-hamas-military-targets-overnight-northern-gaza-strip,
Fox News,"October 13, 2023","Israeli forces entered Gaza for localized raids, IDF tells Fox News  ",Israeli Response,https://www.foxnews.com/world/israeli-forces-entered-gaza-localized-raids-idf-tells-fox-news,
Fox News,"October 13, 2023",UN refugee agency: Gaza becoming a 'hellhole' on the 'brink of collapse'  ,Humanitarian,https://www.foxnews.com/world/un-refugee-agency-gaza-becoming-a-hellhole-on-the-brink-of-collapse,
Fox News,"October 14, 2023",Foreign officials raise alarm over lack of humanitarian aid in Gaza as Israel prepares for ground operation  ,International Response,https://www.foxnews.com/world/foreign-officials-raise-alarm-lack-humanitarian-aid-gaza-israel-prepares-ground-operation,
Fox News,"October 14, 2023",Netanyahu meets Israeli soldiers on front lines: ‘We are all ready’ for 'next stage'  ,Israeli Response,https://www.foxnews.com/world/netanyahu-meets-israeli-soldiers-on-front-lines-we-are-all-ready,
Fox News,"October 15, 2023",Iran threatens Israel over looming ground offensive in Gaza: report  ,International Response,https://www.foxnews.com/world/iran-threatens-israel-looming-ground-offensive-gaza-report,
Fox News,"October 15, 2023","Hezbollah poses 'real risk of escalation' at Israel northern border, national security adviser Sullivan warns  ",International Response,https://www.foxnews.com/politics/hezbollah-real-risk-escaltion-israel-northern-border-national-security-adviser-sullivan-warns,
Fox News,"October 16, 2023","Israel reports killing top Hamas commanders, 'eliminating' other key terror operatives in Gaza airstrikes  ",Israeli Response,https://www.foxnews.com/world/israel-reports-killing-top-hamas-commanders-eliminating-key-terror-operatives-gaza-airstrikes,
Fox News,"October 16, 2023",Biden: US ‘workin' like hell’ to free Gaza hostages  ,Hostages,https://www.foxnews.com/media/former-israeli-soldier-suggests-hostage-rescue-operations-behind-delay-ground-invasion-gaza,
Fox News,"October 17, 2023","Jordan will not accept Palestinian refugees, king says  ",International Response,https://www.foxnews.com/world/jordan-will-not-accept-palestinian-refugees-king,
Fox News,"October 17, 2023",Hundreds killed in blast at Gaza Strip hospital; Israel says Islamic Jihad's 'failed rocket launch' to blame  ,Humanitarian,https://www.foxnews.com/world/hundreds-killed-blast-gaza-strip-hospital-israel-blames-islamic-jihad,
Fox News,"October 17, 2023",Israel’s hunt for Hamas terror group leader Yahya Sinwar: 'Dead man walking'  ,Israeli Response,https://www.foxnews.com/world/israels-hunt-hamas-terror-group-leader-yahya-sinwar-dead-man-walking,
Fox News,"October 18, 2023","Pro-Palestinian demonstrators swarm on Capitol Hill, demand Gaza ceasefire as police arrest protesters",International Response,https://www.foxnews.com/politics/pro-palestine-demonstrators-swarm-inside-capitol-hill-demand-ceasefire-police-begin-arresting-protesters,
Fox News,"October 18, 2023",Gaza hospital blast: Here's what we know  ,Humanitarian,https://www.foxnews.com/world/gaza-hospital-blast-heres-what-we-know,
Fox News,"October 18, 2023","Biden says Israel not to blame for Gaza hospital blast, cites data 'shown by my defense department'  ",International Response,https://www.foxnews.com/world/biden-israel-not-blame-gaza-hospital-blast-cites-data-shown-defense-department,
Fox News,"October 18, 2023",Witness to terrorism: How Hamas radicalized Palestinians for their genocidal attack on Israel  ,Hamas Attack / Hamas Operations,https://www.foxnews.com/opinion/witness-terrorism-how-hamas-radicalized-palestinians-their-genocidal-attack-israel,
Fox News,"October 18, 2023","Biden, in Israel, says freeing Hamas hostages is top priority, will request 'unprecedented' defense funding  ",Hostages,https://www.foxnews.com/politics/biden-in-israel-freeing-hamas-hostages-top-priority-request-unprecedented-defense-funding,
Fox News,"October 18, 2023",United Nations to vote on resolution condemning Hamas attack and all violence against civilians  ,International Response,https://www.foxnews.com/world/united-nations-vote-resolution-condemning-hamas-attack-all-violence-civilians,
Fox News,"October 20, 2023","Two American hostages released from Gaza, Fox News is told  ",Hostages,https://www.foxnews.com/us/two-american-hostages-released-gaza-fox-news-told,
Fox News,"October 22, 2023","String of Hamas, Islamic Jihad rocket misfires have resulted in the deaths of multiple civilians in Gaza: IDF  ",Humanitarian,https://www.foxnews.com/world/string-hamas-islamic-jihad-rocket-misfires-resulted-deaths-multiple-civilians-gaza-idf,
Fox News,"October 23, 2023","Hamas terrorists had instructions for using cyanide-based chemical bombs, linking to Al Qaeda: reports  ",Hamas Attack / Hamas Operations,https://www.foxnews.com/world/hamas-terrorists-instructions-using-cyanide-based-chemical-bombs-linking-al-qaeda-reports,
Fox News,"October 24, 2023",Gaza hospital doctor says nearly 10 babies at risk of dying soon over fuel shortages  ,Humanitarian,https://www.foxnews.com/world/gaza-hospital-doctor-says-nearly-10-babie-risk-dying-soon-over-fuel-shortages,
Fox News,"October 24, 2023","Freed Israeli hostage speaks out about terrifying Hamas capture, describes 'spiderweb' of tunnels  ",Hostages,https://www.foxnews.com/world/freed-israeli-hostage-speaks-out-terrifying-hamas-capture-describes-spiderweb-tunnels,
Fox News,"October 24, 2023",Hamas launches massive rocket barrage as Israel delays invasion  ,Hamas Attack / Hamas Operations,https://www.foxnews.com/world/hamas-launches-massive-rocket-barrage-israel-delays-invasion,
Fox News,"October 25, 2023","Israeli cabinet deciding on Gaza invasion timing, Netanyahu says, pledging to exact 'highest price'  ",Israeli Response,https://www.foxnews.com/world/israeli-cabinet-deciding-gaza-invasion-timing-netanyahu-says-pledging-exact-highest-price,
Fox News,"October 25, 2023","Female-led IDF combat squad eliminates nearly 100 Hamas terrorists in firefights along border, report says  ",Israeli Response,https://www.foxnews.com/world/female-led-idf-combat-squad-eliminates-nearly-100-hamas-terrorists-firefights-border-report-says,
Fox News,"October 25, 2023",Israel teddy bear display highlights Hamas' child hostages  ,Hostages,https://www.foxnews.com/world/israel-teddy-bear-display-highlights-hamas-child-hostages,
Fox News,"October 26, 2023",Israeli forces conduct tank raid in Gaza ahead of expected invasion  ,Israeli Response,https://www.foxnews.com/world/israeli-forces-conduct-ground-raids-gaza-ahead-expected-invasion,
Fox News,"October 27, 2023","Hamas preventing Gaza residents from fleeing to safety, Palestinian activist says  ",Humanitarian,https://www.foxnews.com/world/hamas-preventing-gaza-residents-fleeing-to-safety-palestinian-activist,
Fox News,"October 27, 2023",IDF to expand Gaza ground operations as heavy explosions pound area near border  ,Israeli Response,https://www.foxnews.com/world/heavy-explosions-heard-near-israel-gaza-border-idf-preps-ground-invasion,
Fox News,"October 27, 2023","Hamas terror base is hidden beneath Gaza's largest hospital, Israel alleges  ",Hamas Attack / Hamas Operations,https://www.foxnews.com/world/hamas-terror-base-hidden-beneath-gaza-largest-hospital-israel-alleges,
Fox News,"October 27, 2023",Hamas official demands ceasefire for hostages to be released: report  ,Hostages,https://www.foxnews.com/world/hamas-official-demands-ceasefire-hostages-released-report,
Fox News,"October 28, 2023",Families of Israeli hostages taken by Hamas meeting with Netanyahu  ,Hostages,https://www.foxnews.com/world/israeli-hostage-families-demand-meeting-government,
Fox News,"October 29, 2023",UN food program chief says organization lost communication with humanitarian teams in Gaza  ,Humanitarian,https://www.foxnews.com/world/un-food-program-chief-organization-lost-communication-humanitarian-teams-gaza,
Fox News,"October 29, 2023",Netanyahu announces 'second phase' of 'long and difficult' war on Hamas: 'My life's mission'  ,Israeli Response,https://www.foxnews.com/world/netanyahu-announces-second-phase-long-difficult-war-hamas-lifes-mission,
Fox News,"October 30, 2023","The most extreme anti-Israel, Hamas-sympathizing moments on college campuses since the Oct. 7 attacks  ",International Response,https://www.foxnews.com/media/most-extreme-anti-israel-hamas-sympathizing-moments-college-campuses,
Fox News,"October 31, 2023",UN agency calls for ceasefire in Israel-Hamas war: 'Matter of life and death for millions'  ,Humanitarian,https://www.foxnews.com/world/un-agency-ceasefire-israel-hamas-war-matter-life-death-millions,
Fox News,"October 31, 2023","Israel eliminates top Hamas commander who helped direct October 7 massacre, IDF says  ",Israeli Response,https://www.foxnews.com/world/israeli-eliminates-top-hamas-commander-helped-direct-october-7-massacre-idf-says,